-- phpMyAdmin SQL Dump
-- version 4.1.14
-- http://www.phpmyadmin.net
--
-- Servidor: 127.0.0.1
-- Tiempo de generación: 08-07-2018 a las 18:10:35
-- Versión del servidor: 5.6.17
-- Versión de PHP: 5.5.12

SET SQL_MODE = "NO_AUTO_VALUE_ON_ZERO";
SET time_zone = "+00:00";


/*!40101 SET @OLD_CHARACTER_SET_CLIENT=@@CHARACTER_SET_CLIENT */;
/*!40101 SET @OLD_CHARACTER_SET_RESULTS=@@CHARACTER_SET_RESULTS */;
/*!40101 SET @OLD_COLLATION_CONNECTION=@@COLLATION_CONNECTION */;
/*!40101 SET NAMES utf8 */;

--
-- Base de datos: `fonducarbs`
--

-- --------------------------------------------------------

--
-- Estructura de tabla para la tabla `administrador`
--

CREATE TABLE IF NOT EXISTS `administrador` (
  `idAdministrador` int(11) NOT NULL AUTO_INCREMENT,
  `Usuario` varchar(50) NOT NULL,
  `Password` varchar(50) NOT NULL,
  `idPersona` int(11) NOT NULL,
  `tipo` int(1) NOT NULL DEFAULT '0',
  `estado` int(1) NOT NULL DEFAULT '0',
  PRIMARY KEY (`idAdministrador`),
  UNIQUE KEY `idAdministrador_UNIQUE` (`idAdministrador`),
  UNIQUE KEY `Usuario_UNIQUE` (`Usuario`),
  UNIQUE KEY `Persona_idPersona_UNIQUE` (`idPersona`),
  KEY `fk_Administrador_Persona_idx` (`idPersona`)
) ENGINE=InnoDB  DEFAULT CHARSET=utf8 AUTO_INCREMENT=3 ;

--
-- Volcado de datos para la tabla `administrador`
--

INSERT INTO `administrador` (`idAdministrador`, `Usuario`, `Password`, `idPersona`, `tipo`, `estado`) VALUES
(2, 'sofimanotas', '02f24bc7844aca593ce2cc8bd7322ee1', 44, 1, 0);

-- --------------------------------------------------------

--
-- Estructura de tabla para la tabla `asociado`
--

CREATE TABLE IF NOT EXISTS `asociado` (
  `idAsociado` int(11) NOT NULL AUTO_INCREMENT,
  `Estado` int(11) NOT NULL DEFAULT '0',
  `idPersona` int(11) NOT NULL,
  PRIMARY KEY (`idAsociado`),
  UNIQUE KEY `idAsociado_UNIQUE` (`idAsociado`),
  UNIQUE KEY `Persona_idPersona_UNIQUE` (`idPersona`),
  KEY `fk_Asociado_Persona1_idx` (`idPersona`)
) ENGINE=InnoDB  DEFAULT CHARSET=utf8 AUTO_INCREMENT=2980 ;

--
-- Volcado de datos para la tabla `asociado`
--

INSERT INTO `asociado` (`idAsociado`, `Estado`, `idPersona`) VALUES
(2076, 0, 2095),
(2077, 0, 2096),
(2078, 0, 2097),
(2079, 0, 2098),
(2080, 0, 2099),
(2081, 0, 2100),
(2082, 0, 2101),
(2083, 0, 2102),
(2084, 0, 2103),
(2085, 0, 2104),
(2086, 0, 2105),
(2087, 0, 2106),
(2088, 0, 2107),
(2089, 0, 2108),
(2090, 0, 2109),
(2091, 0, 2110),
(2092, 0, 2111),
(2093, 0, 2112),
(2094, 0, 2113),
(2095, 0, 2114),
(2096, 0, 2115),
(2097, 0, 2116),
(2098, 0, 2117),
(2099, 0, 2118),
(2100, 0, 2119),
(2101, 0, 2120),
(2102, 0, 2121),
(2103, 0, 2122),
(2104, 0, 2123),
(2105, 0, 2124),
(2106, 0, 2125),
(2107, 0, 2126),
(2108, 0, 2127),
(2109, 0, 2128),
(2110, 0, 2129),
(2111, 0, 2130),
(2112, 0, 2131),
(2113, 0, 2132),
(2114, 0, 2133),
(2115, 0, 2134),
(2116, 0, 2135),
(2117, 0, 2136),
(2118, 0, 2137),
(2119, 0, 2138),
(2120, 0, 2139),
(2121, 0, 2140),
(2122, 0, 2141),
(2123, 0, 2142),
(2124, 0, 2143),
(2125, 0, 2144),
(2126, 0, 2145),
(2127, 0, 2146),
(2128, 0, 2147),
(2129, 0, 2148),
(2130, 0, 2149),
(2131, 0, 2150),
(2132, 0, 2151),
(2133, 0, 2152),
(2134, 0, 2153),
(2135, 0, 2154),
(2136, 0, 2155),
(2137, 0, 2156),
(2138, 0, 2157),
(2139, 0, 2158),
(2140, 0, 2159),
(2141, 0, 2160),
(2142, 0, 2161),
(2143, 0, 2162),
(2144, 0, 2163),
(2145, 0, 2164),
(2146, 0, 2165),
(2147, 0, 2166),
(2148, 0, 2167),
(2149, 0, 2168),
(2150, 0, 2169),
(2151, 0, 2170),
(2152, 0, 2171),
(2153, 0, 2172),
(2154, 0, 2173),
(2155, 0, 2174),
(2156, 0, 2175),
(2157, 0, 2176),
(2158, 0, 2177),
(2159, 0, 2178),
(2160, 0, 2179),
(2161, 0, 2180),
(2162, 0, 2181),
(2163, 0, 2182),
(2164, 0, 2183),
(2165, 0, 2184),
(2166, 0, 2185),
(2167, 0, 2186),
(2168, 0, 2187),
(2169, 0, 2188),
(2170, 0, 2189),
(2171, 0, 2190),
(2172, 0, 2191),
(2173, 0, 2192),
(2174, 0, 2193),
(2175, 0, 2194),
(2176, 0, 2195),
(2177, 0, 2196),
(2178, 0, 2197),
(2179, 0, 2198),
(2180, 0, 2199),
(2181, 0, 2200),
(2182, 0, 2201),
(2183, 0, 2202),
(2184, 0, 2203),
(2185, 0, 2204),
(2186, 0, 2205),
(2187, 0, 2206),
(2188, 0, 2207),
(2189, 0, 2208),
(2190, 0, 2209),
(2191, 0, 2210),
(2192, 0, 2211),
(2193, 0, 2212),
(2194, 0, 2213),
(2195, 0, 2214),
(2196, 0, 2215),
(2197, 0, 2216),
(2198, 0, 2217),
(2199, 0, 2218),
(2200, 0, 2219),
(2201, 0, 2220),
(2202, 0, 2221),
(2203, 0, 2222),
(2204, 0, 2223),
(2205, 0, 2224),
(2206, 0, 2225),
(2207, 0, 2226),
(2208, 0, 2227),
(2209, 0, 2228),
(2210, 0, 2229),
(2211, 0, 2230),
(2212, 0, 2231),
(2213, 0, 2232),
(2214, 0, 2233),
(2215, 0, 2234),
(2216, 0, 2235),
(2217, 0, 2236),
(2218, 0, 2237),
(2219, 0, 2238),
(2220, 0, 2239),
(2221, 0, 2240),
(2222, 0, 2241),
(2223, 0, 2242),
(2224, 0, 2243),
(2225, 0, 2244),
(2226, 0, 2245),
(2227, 0, 2246),
(2228, 0, 2247),
(2229, 0, 2248),
(2230, 0, 2249),
(2231, 0, 2250),
(2232, 0, 2251),
(2233, 0, 2252),
(2234, 0, 2253),
(2235, 0, 2254),
(2236, 0, 2255),
(2237, 0, 2256),
(2238, 0, 2257),
(2239, 0, 2258),
(2240, 0, 2259),
(2241, 0, 2260),
(2242, 0, 2261),
(2243, 0, 2262),
(2244, 0, 2263),
(2245, 0, 2264),
(2246, 0, 2265),
(2247, 0, 2266),
(2248, 0, 2267),
(2249, 0, 2268),
(2250, 0, 2269),
(2251, 0, 2270),
(2252, 0, 2271),
(2253, 0, 2272),
(2254, 0, 2273),
(2255, 0, 2274),
(2256, 0, 2275),
(2257, 0, 2276),
(2258, 0, 2277),
(2259, 0, 2278),
(2260, 0, 2279),
(2261, 0, 2280),
(2262, 0, 2281),
(2263, 0, 2282),
(2264, 0, 2283),
(2265, 0, 2284),
(2266, 0, 2285),
(2267, 0, 2286),
(2268, 0, 2287),
(2269, 0, 2288),
(2270, 0, 2289),
(2271, 0, 2290),
(2272, 0, 2291),
(2273, 0, 2292),
(2274, 0, 2293),
(2275, 0, 2294),
(2276, 0, 2295),
(2277, 0, 2296),
(2278, 0, 2297),
(2279, 0, 2298),
(2280, 0, 2299),
(2281, 0, 2300),
(2282, 0, 2301),
(2283, 0, 2302),
(2284, 0, 2303),
(2285, 0, 2304),
(2286, 0, 2305),
(2287, 0, 2306),
(2288, 0, 2307),
(2289, 0, 2308),
(2290, 0, 2309),
(2291, 0, 2310),
(2292, 0, 2311),
(2293, 0, 2312),
(2294, 0, 2313),
(2295, 0, 2314),
(2296, 0, 2315),
(2297, 0, 2316),
(2298, 0, 2317),
(2299, 0, 2318),
(2300, 0, 2319),
(2301, 0, 2320),
(2302, 0, 2321),
(2303, 0, 2322),
(2304, 0, 2323),
(2305, 0, 2324),
(2306, 0, 2325),
(2307, 0, 2326),
(2308, 0, 2327),
(2309, 0, 2328),
(2310, 0, 2329),
(2311, 0, 2330),
(2312, 0, 2331),
(2313, 0, 2332),
(2314, 0, 2333),
(2315, 0, 2334),
(2316, 0, 2335),
(2317, 0, 2336),
(2318, 0, 2337),
(2319, 0, 2338),
(2320, 0, 2339),
(2321, 0, 2340),
(2322, 0, 2341),
(2323, 0, 2342),
(2324, 0, 2343),
(2325, 0, 2344),
(2326, 0, 2345),
(2327, 0, 2346),
(2328, 0, 2347),
(2329, 0, 2348),
(2330, 0, 2349),
(2331, 0, 2350),
(2332, 0, 2351),
(2333, 0, 2352),
(2334, 0, 2353),
(2335, 0, 2354),
(2336, 0, 2355),
(2337, 0, 2356),
(2338, 0, 2357),
(2339, 0, 2358),
(2340, 0, 2359),
(2341, 0, 2360),
(2342, 0, 2361),
(2343, 0, 2362),
(2344, 0, 2363),
(2345, 0, 2364),
(2346, 0, 2365),
(2347, 0, 2366),
(2348, 0, 2367),
(2349, 0, 2368),
(2350, 0, 2369),
(2351, 0, 2370),
(2352, 0, 2371),
(2353, 0, 2372),
(2354, 0, 2373),
(2355, 0, 2374),
(2356, 0, 2375),
(2357, 0, 2376),
(2358, 0, 2377),
(2359, 0, 2378),
(2360, 0, 2379),
(2361, 0, 2380),
(2362, 0, 2381),
(2363, 0, 2382),
(2364, 0, 2383),
(2365, 0, 2384),
(2366, 0, 2385),
(2367, 0, 2386),
(2368, 0, 2387),
(2369, 0, 2388),
(2370, 0, 2389),
(2371, 0, 2390),
(2372, 0, 2391),
(2373, 0, 2392),
(2374, 0, 2393),
(2375, 0, 2394),
(2376, 0, 2395),
(2377, 0, 2396),
(2378, 0, 2397),
(2379, 0, 2398),
(2380, 0, 2399),
(2381, 0, 2400),
(2382, 0, 2401),
(2383, 0, 2402),
(2384, 0, 2403),
(2385, 0, 2404),
(2386, 0, 2405),
(2387, 0, 2406),
(2388, 0, 2407),
(2389, 0, 2408),
(2390, 0, 2409),
(2391, 0, 2410),
(2392, 0, 2411),
(2393, 0, 2412),
(2394, 0, 2413),
(2395, 0, 2414),
(2396, 0, 2415),
(2397, 0, 2416),
(2398, 0, 2417),
(2399, 0, 2418),
(2400, 0, 2419),
(2401, 0, 2420),
(2402, 0, 2421),
(2403, 0, 2422),
(2404, 0, 2423),
(2405, 0, 2424),
(2406, 0, 2425),
(2407, 0, 2426),
(2408, 0, 2427),
(2409, 0, 2428),
(2410, 0, 2429),
(2411, 0, 2430),
(2412, 0, 2431),
(2413, 0, 2432),
(2414, 0, 2433),
(2415, 0, 2434),
(2416, 0, 2435),
(2417, 0, 2436),
(2418, 0, 2437),
(2419, 0, 2438),
(2420, 0, 2439),
(2421, 0, 2440),
(2422, 0, 2441),
(2423, 0, 2442),
(2424, 0, 2443),
(2425, 0, 2444),
(2426, 0, 2445),
(2427, 0, 2446),
(2428, 0, 2447),
(2429, 0, 2448),
(2430, 0, 2449),
(2431, 0, 2450),
(2432, 0, 2451),
(2433, 0, 2452),
(2434, 0, 2453),
(2435, 0, 2454),
(2436, 0, 2455),
(2437, 0, 2456),
(2438, 0, 2457),
(2439, 0, 2458),
(2440, 0, 2459),
(2441, 0, 2460),
(2442, 0, 2461),
(2443, 0, 2462),
(2444, 0, 2463),
(2445, 0, 2464),
(2446, 0, 2465),
(2447, 0, 2466),
(2448, 0, 2467),
(2449, 0, 2468),
(2450, 0, 2469),
(2451, 0, 2470),
(2452, 0, 2471),
(2453, 0, 2472),
(2454, 0, 2473),
(2455, 0, 2474),
(2456, 0, 2475),
(2457, 0, 2476),
(2458, 0, 2477),
(2459, 0, 2478),
(2460, 0, 2479),
(2461, 0, 2480),
(2462, 0, 2481),
(2463, 0, 2482),
(2464, 0, 2483),
(2465, 0, 2484),
(2466, 0, 2485),
(2467, 0, 2486),
(2468, 0, 2487),
(2469, 0, 2488),
(2470, 0, 2489),
(2471, 0, 2490),
(2472, 0, 2491),
(2473, 0, 2492),
(2474, 0, 2493),
(2475, 0, 2494),
(2476, 0, 2495),
(2477, 0, 2496),
(2478, 0, 2497),
(2479, 0, 2498),
(2480, 0, 2499),
(2481, 0, 2500),
(2482, 0, 2501),
(2483, 0, 2502),
(2484, 0, 2503),
(2485, 0, 2504),
(2486, 0, 2505),
(2487, 0, 2506),
(2488, 0, 2507),
(2489, 0, 2508),
(2490, 0, 2509),
(2491, 0, 2510),
(2492, 0, 2511),
(2493, 0, 2512),
(2494, 0, 2513),
(2495, 0, 2514),
(2496, 0, 2515),
(2497, 0, 2516),
(2498, 0, 2517),
(2499, 0, 2518),
(2500, 0, 2519),
(2501, 0, 2520),
(2502, 0, 2521),
(2503, 0, 2522),
(2504, 0, 2523),
(2505, 0, 2524),
(2506, 0, 2525),
(2507, 0, 2526),
(2508, 0, 2527),
(2509, 0, 2528),
(2510, 0, 2529),
(2511, 0, 2530),
(2512, 0, 2531),
(2513, 0, 2532),
(2514, 0, 2533),
(2515, 0, 2534),
(2516, 0, 2535),
(2517, 0, 2536),
(2518, 0, 2537),
(2519, 0, 2538),
(2520, 0, 2539),
(2521, 0, 2540),
(2522, 0, 2541),
(2523, 0, 2542),
(2524, 0, 2543),
(2525, 0, 2544),
(2526, 0, 2545),
(2527, 0, 2546),
(2528, 0, 2547),
(2529, 0, 2548),
(2530, 0, 2549),
(2531, 0, 2550),
(2532, 1, 2551),
(2533, 0, 2552),
(2534, 0, 2553),
(2535, 0, 2554),
(2536, 0, 2555),
(2537, 0, 2556),
(2538, 0, 2557),
(2539, 0, 2558),
(2540, 0, 2559),
(2541, 0, 2560),
(2542, 0, 2561),
(2543, 0, 2562),
(2544, 0, 2563),
(2545, 0, 2564),
(2546, 0, 2565),
(2547, 0, 2566),
(2548, 0, 2567),
(2549, 0, 2568),
(2550, 0, 2569),
(2551, 0, 2570),
(2552, 0, 2571),
(2553, 0, 2572),
(2554, 0, 2573),
(2555, 0, 2574),
(2556, 0, 2575),
(2557, 0, 2576),
(2558, 0, 2577),
(2559, 0, 2578),
(2560, 0, 2579),
(2561, 0, 2580),
(2562, 0, 2581),
(2563, 0, 2582),
(2564, 0, 2583),
(2565, 0, 2584),
(2566, 0, 2585),
(2567, 0, 2586),
(2568, 0, 2587),
(2569, 0, 2588),
(2570, 0, 2589),
(2571, 0, 2590),
(2572, 0, 2591),
(2573, 0, 2592),
(2574, 0, 2593),
(2575, 0, 2594),
(2576, 0, 2595),
(2577, 0, 2596),
(2578, 0, 2597),
(2579, 0, 2598),
(2580, 0, 2599),
(2581, 0, 2600),
(2582, 0, 2601),
(2583, 0, 2602),
(2584, 0, 2603),
(2585, 0, 2604),
(2586, 0, 2605),
(2587, 0, 2606),
(2588, 0, 2607),
(2589, 0, 2608),
(2590, 0, 2609),
(2591, 0, 2610),
(2592, 0, 2611),
(2593, 0, 2612),
(2594, 0, 2613),
(2595, 0, 2614),
(2596, 0, 2615),
(2597, 0, 2616),
(2598, 0, 2617),
(2599, 0, 2618),
(2600, 0, 2619),
(2601, 0, 2620),
(2602, 0, 2621),
(2603, 0, 2622),
(2604, 0, 2623),
(2605, 0, 2624),
(2606, 0, 2625),
(2607, 0, 2626),
(2608, 0, 2627),
(2609, 0, 2628),
(2610, 0, 2629),
(2611, 0, 2630),
(2612, 0, 2631),
(2613, 0, 2632),
(2614, 0, 2633),
(2615, 0, 2634),
(2616, 0, 2635),
(2617, 0, 2636),
(2618, 0, 2637),
(2619, 0, 2638),
(2620, 0, 2639),
(2621, 0, 2640),
(2622, 0, 2641),
(2623, 0, 2642),
(2624, 1, 2643),
(2625, 0, 2644),
(2626, 0, 2645),
(2627, 0, 2646),
(2628, 0, 2647),
(2629, 0, 2648),
(2630, 0, 2649),
(2631, 0, 2650),
(2632, 0, 2651),
(2633, 0, 2652),
(2634, 0, 2653),
(2635, 0, 2654),
(2636, 0, 2655),
(2637, 0, 2656),
(2638, 0, 2657),
(2639, 0, 2658),
(2640, 0, 2659),
(2641, 0, 2660),
(2642, 0, 2661),
(2643, 0, 2662),
(2644, 0, 2663),
(2645, 0, 2664),
(2646, 0, 2665),
(2647, 0, 2666),
(2648, 0, 2667),
(2649, 0, 2668),
(2650, 0, 2669),
(2651, 0, 2670),
(2652, 0, 2671),
(2653, 0, 2672),
(2654, 0, 2673),
(2655, 0, 2674),
(2656, 0, 2675),
(2657, 0, 2676),
(2658, 0, 2677),
(2659, 0, 2678),
(2660, 0, 2679),
(2661, 0, 2680),
(2662, 0, 2681),
(2663, 0, 2682),
(2664, 0, 2683),
(2665, 0, 2684),
(2666, 0, 2685),
(2667, 0, 2686),
(2668, 0, 2687),
(2669, 0, 2688),
(2670, 0, 2689),
(2671, 0, 2690),
(2672, 1, 2691),
(2673, 0, 2692),
(2674, 0, 2693),
(2675, 0, 2694),
(2676, 0, 2695),
(2677, 0, 2696),
(2678, 0, 2697),
(2679, 0, 2698),
(2680, 0, 2699),
(2681, 0, 2700),
(2682, 0, 2701),
(2683, 0, 2702),
(2684, 0, 2703),
(2685, 0, 2704),
(2686, 0, 2705),
(2687, 0, 2706),
(2688, 0, 2707),
(2689, 0, 2708),
(2690, 0, 2709),
(2691, 0, 2710),
(2692, 0, 2711),
(2693, 0, 2712),
(2694, 0, 2713),
(2695, 0, 2714),
(2696, 0, 2715),
(2697, 0, 2716),
(2698, 0, 2717),
(2699, 0, 2718),
(2700, 0, 2719),
(2701, 0, 2720),
(2702, 0, 2721),
(2703, 0, 2722),
(2704, 0, 2723),
(2705, 0, 2724),
(2706, 0, 2725),
(2707, 0, 2726),
(2708, 0, 2727),
(2709, 0, 2728),
(2710, 0, 2729),
(2711, 0, 2730),
(2712, 0, 2731),
(2713, 0, 2732),
(2714, 0, 2733),
(2715, 0, 2734),
(2716, 0, 2735),
(2717, 0, 2736),
(2718, 0, 2737),
(2719, 0, 2738),
(2720, 0, 2739),
(2721, 0, 2740),
(2722, 0, 2741),
(2723, 0, 2742),
(2724, 0, 2743),
(2725, 0, 2744),
(2726, 0, 2745),
(2727, 0, 2746),
(2728, 0, 2747),
(2729, 0, 2748),
(2730, 0, 2749),
(2731, 0, 2750),
(2732, 0, 2751),
(2733, 0, 2752),
(2734, 0, 2753),
(2735, 0, 2754),
(2736, 0, 2755),
(2737, 0, 2756),
(2738, 0, 2757),
(2739, 0, 2758),
(2740, 0, 2759),
(2741, 0, 2760),
(2742, 0, 2761),
(2743, 0, 2762),
(2744, 0, 2763),
(2745, 0, 2764),
(2746, 0, 2765),
(2747, 0, 2766),
(2748, 0, 2767),
(2749, 0, 2768),
(2750, 0, 2769),
(2751, 0, 2770),
(2752, 0, 2771),
(2753, 0, 2772),
(2754, 0, 2773),
(2755, 0, 2774),
(2756, 0, 2775),
(2757, 0, 2776),
(2758, 0, 2777),
(2759, 0, 2778),
(2760, 0, 2779),
(2761, 0, 2780),
(2762, 0, 2781),
(2763, 0, 2782),
(2764, 0, 2783),
(2765, 0, 2784),
(2766, 0, 2785),
(2767, 0, 2786),
(2768, 0, 2787),
(2769, 0, 2788),
(2770, 0, 2789),
(2771, 0, 2790),
(2772, 0, 2791),
(2773, 0, 2792),
(2774, 0, 2793),
(2775, 0, 2794),
(2776, 0, 2795),
(2777, 0, 2796),
(2778, 0, 2797),
(2779, 0, 2798),
(2780, 0, 2799),
(2781, 0, 2800),
(2782, 0, 2801),
(2783, 0, 2802),
(2784, 0, 2803),
(2785, 0, 2804),
(2786, 0, 2805),
(2787, 0, 2806),
(2788, 0, 2807),
(2789, 0, 2808),
(2790, 0, 2809),
(2791, 0, 2810),
(2792, 0, 2811),
(2793, 0, 2812),
(2794, 0, 2813),
(2795, 0, 2814),
(2796, 0, 2815),
(2797, 0, 2816),
(2798, 0, 2817),
(2799, 0, 2818),
(2800, 0, 2819),
(2801, 0, 2820),
(2802, 0, 2821),
(2803, 0, 2822),
(2804, 0, 2823),
(2805, 0, 2824),
(2806, 0, 2825),
(2807, 0, 2826),
(2808, 0, 2827),
(2809, 0, 2828),
(2810, 0, 2829),
(2811, 0, 2830),
(2812, 0, 2831),
(2813, 0, 2832),
(2814, 0, 2833),
(2815, 0, 2834),
(2816, 0, 2835),
(2817, 0, 2836),
(2818, 0, 2837),
(2819, 0, 2838),
(2820, 0, 2839),
(2821, 0, 2840),
(2822, 0, 2841),
(2823, 0, 2842),
(2824, 0, 2843),
(2825, 0, 2844),
(2826, 0, 2845),
(2827, 0, 2846),
(2828, 0, 2847),
(2829, 0, 2848),
(2830, 0, 2849),
(2831, 0, 2850),
(2832, 0, 2851),
(2833, 0, 2852),
(2834, 0, 2853),
(2835, 0, 2854),
(2836, 0, 2855),
(2837, 0, 2856),
(2838, 0, 2857),
(2839, 0, 2858),
(2840, 0, 2859),
(2841, 0, 2860),
(2842, 0, 2861),
(2843, 0, 2862),
(2844, 0, 2863),
(2845, 0, 2864),
(2846, 0, 2865),
(2847, 0, 2866),
(2848, 0, 2867),
(2849, 0, 2868),
(2850, 0, 2869),
(2851, 0, 2870),
(2852, 0, 2871),
(2853, 0, 2872),
(2854, 0, 2873),
(2855, 0, 2874),
(2856, 0, 2875),
(2857, 0, 2876),
(2858, 0, 2877),
(2859, 0, 2878),
(2860, 0, 2879),
(2861, 0, 2880),
(2862, 0, 2881),
(2863, 0, 2882),
(2864, 0, 2883),
(2865, 0, 2884),
(2866, 0, 2885),
(2867, 0, 2886),
(2868, 0, 2887),
(2869, 0, 2888),
(2870, 0, 2889),
(2871, 0, 2890),
(2872, 0, 2891),
(2873, 0, 2892),
(2874, 0, 2893),
(2875, 0, 2894),
(2876, 1, 2895),
(2877, 0, 2896),
(2878, 0, 2897),
(2879, 0, 2898),
(2880, 0, 2899),
(2881, 0, 2900),
(2882, 0, 2901),
(2883, 0, 2902),
(2884, 0, 2903),
(2885, 0, 2904),
(2886, 0, 2905),
(2887, 0, 2906),
(2888, 0, 2907),
(2889, 0, 2908),
(2890, 0, 2909),
(2891, 0, 2910),
(2892, 0, 2911),
(2893, 0, 2912),
(2894, 0, 2913),
(2895, 0, 2914),
(2896, 0, 2915),
(2897, 0, 2916),
(2898, 0, 2917),
(2899, 0, 2918),
(2900, 0, 2919),
(2901, 0, 2920),
(2902, 0, 2921),
(2903, 0, 2922),
(2904, 0, 2923),
(2905, 0, 2924),
(2906, 0, 2925),
(2907, 0, 2926),
(2908, 0, 2927),
(2909, 0, 2928),
(2910, 0, 2929),
(2911, 0, 2930),
(2912, 0, 2931),
(2913, 0, 2932),
(2914, 0, 2933),
(2915, 0, 2934),
(2916, 0, 2935),
(2917, 0, 2936),
(2918, 0, 2937),
(2919, 0, 2938),
(2920, 0, 2939),
(2921, 0, 2940),
(2922, 0, 2941),
(2923, 0, 2942),
(2924, 0, 2943),
(2925, 0, 2944),
(2926, 0, 2945),
(2927, 0, 2946),
(2928, 0, 2947),
(2929, 0, 2948),
(2930, 0, 2949),
(2931, 0, 2950),
(2932, 0, 2951),
(2933, 0, 2952),
(2934, 0, 2953),
(2935, 0, 2954),
(2936, 0, 2955),
(2937, 0, 2956),
(2938, 0, 2957),
(2939, 0, 2958),
(2940, 0, 2959),
(2941, 0, 2960),
(2942, 0, 2961),
(2943, 0, 2962),
(2944, 0, 2963),
(2945, 0, 2964),
(2946, 0, 2965),
(2947, 0, 2966),
(2948, 0, 2967),
(2949, 0, 2968),
(2950, 0, 2969),
(2951, 0, 2970),
(2952, 0, 2971),
(2953, 0, 2972),
(2954, 0, 2973),
(2955, 0, 2974),
(2956, 0, 2975),
(2957, 0, 2976),
(2958, 0, 2977),
(2959, 0, 2978),
(2960, 0, 2979),
(2961, 0, 2980),
(2962, 0, 2981),
(2963, 0, 2982),
(2964, 0, 2983),
(2965, 0, 2984),
(2966, 0, 2985),
(2967, 0, 2986),
(2968, 0, 2987),
(2969, 0, 2988),
(2970, 0, 2989),
(2971, 0, 2990),
(2972, 0, 2991),
(2973, 0, 2992),
(2974, 0, 2993),
(2975, 0, 2994),
(2976, 0, 2995),
(2977, 0, 2996),
(2978, 0, 2997),
(2979, 0, 2998);

-- --------------------------------------------------------

--
-- Estructura de tabla para la tabla `inhabilitacion`
--

CREATE TABLE IF NOT EXISTS `inhabilitacion` (
  `idInhabilitacion` int(11) NOT NULL AUTO_INCREMENT,
  `Razon` varchar(100) NOT NULL,
  `Fecha` varchar(45) NOT NULL,
  `Estado` int(11) NOT NULL DEFAULT '0',
  `idAsociado` int(11) NOT NULL,
  PRIMARY KEY (`idInhabilitacion`),
  UNIQUE KEY `idInhabilitacion_UNIQUE` (`idInhabilitacion`),
  KEY `fk_Inhabilitacion_Asociado1_idx` (`idAsociado`)
) ENGINE=InnoDB  DEFAULT CHARSET=utf8 AUTO_INCREMENT=9 ;

--
-- Volcado de datos para la tabla `inhabilitacion`
--

INSERT INTO `inhabilitacion` (`idInhabilitacion`, `Razon`, `Fecha`, `Estado`, `idAsociado`) VALUES
(5, 'Desvinculación en reunión de Junta Directiva de 25 de abril de 2018, Acta N° 354', '06/07/2018 09:29:54', 1, 2532),
(6, 'Desvinculación en reunión de Junta Directiva de 25 de abril de 2018, Acta N° 354', '06/07/2018 09:32:10', 1, 2672),
(7, 'Desvinculación en reunión de Junta Directiva de 20 de junio de 2018, Acta N° 356', '06/07/2018 09:33:06', 1, 2624),
(8, 'Desvinculación por fallecimiento en reunión de Junta Directiva de 20 de junio de 2018, Acta N° 356', '06/07/2018 09:34:04', 1, 2876);

-- --------------------------------------------------------

--
-- Estructura de tabla para la tabla `movimiento`
--

CREATE TABLE IF NOT EXISTS `movimiento` (
  `idMovimiento` int(11) NOT NULL AUTO_INCREMENT,
  `Fecha` varchar(50) NOT NULL,
  `Detalle` varchar(100) NOT NULL,
  `idAdministrador` int(11) NOT NULL,
  PRIMARY KEY (`idMovimiento`,`idAdministrador`),
  UNIQUE KEY `idMovimiento_UNIQUE` (`idMovimiento`),
  KEY `fk_Movimiento_Administrador1_idx` (`idAdministrador`)
) ENGINE=InnoDB  DEFAULT CHARSET=utf8 AUTO_INCREMENT=47 ;

--
-- Volcado de datos para la tabla `movimiento`
--

INSERT INTO `movimiento` (`idMovimiento`, `Fecha`, `Detalle`, `idAdministrador`) VALUES
(33, '06/07/2018 09:24:43', 'Inicio de sesión.', 2),
(34, '06/07/2018 09:29:07', 'Adición de nuevos asociados.', 2),
(35, '07/07/2018 11:24:39', 'Inicio de sesión.', 2),
(36, '07/07/2018 11:33:25', 'Inicio de sesión.', 2),
(37, '07/07/2018 15:06:10', 'Inicio de sesión.', 2),
(38, '07/07/2018 15:15:23', 'Inicio de sesión.', 2),
(39, '07/07/2018 15:15:58', 'Generación del historial de los ex-asociados habilitados actualmente para participar.', 2),
(40, '07/07/2018 15:18:28', 'Inicio de sesión.', 2),
(41, '07/07/2018 15:19:28', 'Generación del historial general de los números asignados a cada asociado', 2),
(42, '07/07/2018 15:23:51', 'Inicio de sesión.', 2),
(43, '07/07/2018 15:25:53', 'Generación del historial general de los sorteos.', 2),
(44, '07/07/2018 15:25:59', 'Generación del historial de las operaciones realizadas por el administrador.', 2),
(45, '07/07/2018 15:26:09', 'Informe del número actual asignado a cada asociado y ex-asociado con participación.', 2),
(46, '07/07/2018 15:56:43', 'Inicio de sesión.', 2);

-- --------------------------------------------------------

--
-- Estructura de tabla para la tabla `numero`
--

CREATE TABLE IF NOT EXISTS `numero` (
  `idNumero` int(11) NOT NULL DEFAULT '1',
  `Estado` int(11) NOT NULL DEFAULT '0',
  PRIMARY KEY (`idNumero`)
) ENGINE=InnoDB DEFAULT CHARSET=utf8;

--
-- Volcado de datos para la tabla `numero`
--

INSERT INTO `numero` (`idNumero`, `Estado`) VALUES
(1, 0),
(2, 0),
(3, 0),
(4, 0),
(5, 0),
(6, 0),
(7, 0),
(8, 0),
(9, 0),
(10, 0),
(11, 0),
(12, 0),
(13, 0),
(14, 0),
(15, 0),
(16, 0),
(17, 0),
(18, 0),
(19, 0),
(20, 0),
(21, 0),
(22, 0),
(23, 0),
(24, 0),
(25, 0),
(26, 0),
(27, 0),
(28, 0),
(29, 0),
(30, 0),
(31, 0),
(32, 0),
(33, 0),
(34, 0),
(35, 0),
(36, 0),
(37, 0),
(38, 0),
(39, 0),
(40, 0),
(41, 0),
(42, 0),
(43, 0),
(44, 0),
(45, 0),
(46, 0),
(47, 0),
(48, 0),
(49, 0),
(50, 0),
(51, 0),
(52, 0),
(53, 0),
(54, 0),
(55, 0),
(56, 0),
(57, 0),
(58, 0),
(59, 0),
(60, 0),
(61, 0),
(62, 0),
(63, 0),
(64, 0),
(65, 0),
(66, 0),
(67, 0),
(68, 0),
(69, 0),
(70, 0),
(71, 0),
(72, 0),
(73, 0),
(74, 0),
(75, 0),
(76, 0),
(77, 0),
(78, 0),
(79, 0),
(80, 0),
(81, 0),
(82, 0),
(83, 0),
(84, 0),
(85, 0),
(86, 0),
(87, 0),
(88, 0),
(89, 0),
(90, 0),
(91, 0),
(92, 0),
(93, 0),
(94, 0),
(95, 0),
(96, 0),
(97, 0),
(98, 0),
(99, 0),
(100, 0),
(101, 0),
(102, 0),
(103, 0),
(104, 0),
(105, 0),
(106, 0),
(107, 0),
(108, 0),
(109, 0),
(110, 0),
(111, 0),
(112, 0),
(113, 0),
(114, 0),
(115, 0),
(116, 0),
(117, 0),
(118, 0),
(119, 0),
(120, 0),
(121, 0),
(122, 0),
(123, 0),
(124, 0),
(125, 0),
(126, 0),
(127, 0),
(128, 0),
(129, 0),
(130, 0),
(131, 0),
(132, 0),
(133, 0),
(134, 0),
(135, 0),
(136, 0),
(137, 0),
(138, 0),
(139, 0),
(140, 0),
(141, 0),
(142, 0),
(143, 0),
(144, 0),
(145, 0),
(146, 0),
(147, 0),
(148, 0),
(149, 0),
(150, 0),
(151, 0),
(152, 0),
(153, 0),
(154, 0),
(155, 0),
(156, 0),
(157, 0),
(158, 0),
(159, 0),
(160, 0),
(161, 0),
(162, 0),
(163, 0),
(164, 0),
(165, 0),
(166, 0),
(167, 0),
(168, 0),
(169, 0),
(170, 0),
(171, 0),
(172, 0),
(173, 0),
(174, 0),
(175, 0),
(176, 0),
(177, 0),
(178, 0),
(179, 0),
(180, 0),
(181, 0),
(182, 0),
(183, 0),
(184, 0),
(185, 0),
(186, 0),
(187, 0),
(188, 0),
(189, 0),
(190, 0),
(191, 0),
(192, 0),
(193, 0),
(194, 0),
(195, 0),
(196, 0),
(197, 0),
(198, 0),
(199, 0),
(200, 0),
(201, 0),
(202, 0),
(203, 0),
(204, 0),
(205, 0),
(206, 0),
(207, 0),
(208, 0),
(209, 0),
(210, 0),
(211, 0),
(212, 0),
(213, 0),
(214, 0),
(215, 0),
(216, 0),
(217, 0),
(218, 0),
(219, 0),
(220, 0),
(221, 0),
(222, 0),
(223, 0),
(224, 0),
(225, 0),
(226, 0),
(227, 0),
(228, 0),
(229, 0),
(230, 0),
(231, 0),
(232, 0),
(233, 0),
(234, 0),
(235, 0),
(236, 0),
(237, 0),
(238, 0),
(239, 0),
(240, 0),
(241, 0),
(242, 0),
(243, 0),
(244, 0),
(245, 0),
(246, 0),
(247, 0),
(248, 0),
(249, 0),
(250, 0),
(251, 0),
(252, 0),
(253, 0),
(254, 0),
(255, 0),
(256, 0),
(257, 0),
(258, 0),
(259, 0),
(260, 0),
(261, 0),
(262, 0),
(263, 0),
(264, 0),
(265, 0),
(266, 0),
(267, 0),
(268, 0),
(269, 0),
(270, 0),
(271, 0),
(272, 0),
(273, 0),
(274, 0),
(275, 0),
(276, 0),
(277, 0),
(278, 0),
(279, 0),
(280, 0),
(281, 0),
(282, 0),
(283, 0),
(284, 0),
(285, 0),
(286, 0),
(287, 0),
(288, 0),
(289, 0),
(290, 0),
(291, 0),
(292, 0),
(293, 0),
(294, 0),
(295, 0),
(296, 0),
(297, 0),
(298, 0),
(299, 0),
(300, 0),
(301, 0),
(302, 0),
(303, 0),
(304, 0),
(305, 0),
(306, 0),
(307, 0),
(308, 0),
(309, 0),
(310, 0),
(311, 0),
(312, 0),
(313, 0),
(314, 0),
(315, 0),
(316, 0),
(317, 0),
(318, 0),
(319, 0),
(320, 0),
(321, 0),
(322, 0),
(323, 0),
(324, 0),
(325, 0),
(326, 0),
(327, 0),
(328, 0),
(329, 0),
(330, 0),
(331, 0),
(332, 0),
(333, 0),
(334, 0),
(335, 0),
(336, 0),
(337, 0),
(338, 0),
(339, 0),
(340, 0),
(341, 0),
(342, 0),
(343, 0),
(344, 0),
(345, 0),
(346, 0),
(347, 0),
(348, 0),
(349, 0),
(350, 0),
(351, 0),
(352, 0),
(353, 0),
(354, 0),
(355, 0),
(356, 0),
(357, 0),
(358, 0),
(359, 0),
(360, 0),
(361, 0),
(362, 0),
(363, 0),
(364, 0),
(365, 0),
(366, 0),
(367, 0),
(368, 0),
(369, 0),
(370, 0),
(371, 0),
(372, 0),
(373, 0),
(374, 0),
(375, 0),
(376, 0),
(377, 0),
(378, 0),
(379, 0),
(380, 0),
(381, 0),
(382, 0),
(383, 0),
(384, 0),
(385, 0),
(386, 0),
(387, 0),
(388, 0),
(389, 0),
(390, 0),
(391, 0),
(392, 0),
(393, 0),
(394, 0),
(395, 0),
(396, 0),
(397, 0),
(398, 0),
(399, 0),
(400, 0),
(401, 0),
(402, 0),
(403, 0),
(404, 0),
(405, 0),
(406, 0),
(407, 0),
(408, 0),
(409, 0),
(410, 0),
(411, 0),
(412, 0),
(413, 0),
(414, 0),
(415, 0),
(416, 0),
(417, 0),
(418, 0),
(419, 0),
(420, 0),
(421, 0),
(422, 0),
(423, 0),
(424, 0),
(425, 0),
(426, 0),
(427, 0),
(428, 0),
(429, 0),
(430, 0),
(431, 0),
(432, 0),
(433, 0),
(434, 0),
(435, 0),
(436, 0),
(437, 0),
(438, 0),
(439, 0),
(440, 0),
(441, 0),
(442, 0),
(443, 0),
(444, 0),
(445, 0),
(446, 0),
(447, 0),
(448, 0),
(449, 0),
(450, 0),
(451, 0),
(452, 0),
(453, 0),
(454, 0),
(455, 0),
(456, 0),
(457, 1),
(458, 0),
(459, 0),
(460, 0),
(461, 0),
(462, 0),
(463, 0),
(464, 0),
(465, 0),
(466, 0),
(467, 0),
(468, 0),
(469, 0),
(470, 0),
(471, 0),
(472, 0),
(473, 0),
(474, 0),
(475, 0),
(476, 0),
(477, 0),
(478, 0),
(479, 0),
(480, 0),
(481, 0),
(482, 0),
(483, 0),
(484, 0),
(485, 0),
(486, 0),
(487, 0),
(488, 0),
(489, 0),
(490, 0),
(491, 0),
(492, 0),
(493, 0),
(494, 0),
(495, 0),
(496, 0),
(497, 0),
(498, 0),
(499, 0),
(500, 0),
(501, 0),
(502, 0),
(503, 0),
(504, 0),
(505, 0),
(506, 0),
(507, 0),
(508, 0),
(509, 0),
(510, 0),
(511, 0),
(512, 0),
(513, 0),
(514, 0),
(515, 0),
(516, 0),
(517, 0),
(518, 0),
(519, 0),
(520, 0),
(521, 0),
(522, 0),
(523, 0),
(524, 0),
(525, 0),
(526, 0),
(527, 0),
(528, 0),
(529, 0),
(530, 0),
(531, 0),
(532, 0),
(533, 0),
(534, 0),
(535, 0),
(536, 0),
(537, 0),
(538, 0),
(539, 0),
(540, 0),
(541, 0),
(542, 0),
(543, 0),
(544, 0),
(545, 0),
(546, 0),
(547, 0),
(548, 0),
(549, 1),
(550, 0),
(551, 0),
(552, 0),
(553, 0),
(554, 0),
(555, 0),
(556, 0),
(557, 0),
(558, 0),
(559, 0),
(560, 0),
(561, 0),
(562, 0),
(563, 0),
(564, 0),
(565, 0),
(566, 0),
(567, 0),
(568, 0),
(569, 0),
(570, 0),
(571, 0),
(572, 0),
(573, 0),
(574, 0),
(575, 0),
(576, 0),
(577, 0),
(578, 0),
(579, 0),
(580, 0),
(581, 0),
(582, 0),
(583, 0),
(584, 0),
(585, 0),
(586, 0),
(587, 0),
(588, 0),
(589, 0),
(590, 0),
(591, 0),
(592, 0),
(593, 0),
(594, 0),
(595, 0),
(596, 0),
(597, 1),
(598, 0),
(599, 0),
(600, 0),
(601, 0),
(602, 0),
(603, 0),
(604, 0),
(605, 0),
(606, 0),
(607, 0),
(608, 0),
(609, 0),
(610, 0),
(611, 0),
(612, 0),
(613, 0),
(614, 0),
(615, 0),
(616, 0),
(617, 0),
(618, 0),
(619, 0),
(620, 0),
(621, 0),
(622, 0),
(623, 0),
(624, 0),
(625, 0),
(626, 0),
(627, 0),
(628, 0),
(629, 0),
(630, 0),
(631, 0),
(632, 0),
(633, 0),
(634, 0),
(635, 0),
(636, 0),
(637, 0),
(638, 0),
(639, 0),
(640, 0),
(641, 0),
(642, 0),
(643, 0),
(644, 0),
(645, 0),
(646, 0),
(647, 0),
(648, 0),
(649, 0),
(650, 0),
(651, 0),
(652, 0),
(653, 0),
(654, 0),
(655, 0),
(656, 0),
(657, 0),
(658, 0),
(659, 0),
(660, 0),
(661, 0),
(662, 0),
(663, 0),
(664, 0),
(665, 0),
(666, 0),
(667, 0),
(668, 0),
(669, 0),
(670, 0),
(671, 0),
(672, 0),
(673, 0),
(674, 0),
(675, 0),
(676, 0),
(677, 0),
(678, 0),
(679, 0),
(680, 0),
(681, 0),
(682, 0),
(683, 0),
(684, 0),
(685, 0),
(686, 0),
(687, 0),
(688, 0),
(689, 0),
(690, 0),
(691, 0),
(692, 0),
(693, 0),
(694, 0),
(695, 0),
(696, 0),
(697, 0),
(698, 0),
(699, 0),
(700, 0),
(701, 0),
(702, 0),
(703, 0),
(704, 0),
(705, 0),
(706, 0),
(707, 0),
(708, 0),
(709, 0),
(710, 0),
(711, 0),
(712, 0),
(713, 0),
(714, 0),
(715, 0),
(716, 0),
(717, 0),
(718, 0),
(719, 0),
(720, 0),
(721, 0),
(722, 0),
(723, 0),
(724, 0),
(725, 0),
(726, 0),
(727, 0),
(728, 0),
(729, 0),
(730, 0),
(731, 0),
(732, 0),
(733, 0),
(734, 0),
(735, 0),
(736, 0),
(737, 0),
(738, 0),
(739, 0),
(740, 0),
(741, 0),
(742, 0),
(743, 0),
(744, 0),
(745, 0),
(746, 0),
(747, 0),
(748, 0),
(749, 0),
(750, 0),
(751, 0),
(752, 0),
(753, 0),
(754, 0),
(755, 0),
(756, 0),
(757, 0),
(758, 0),
(759, 0),
(760, 0),
(761, 0),
(762, 0),
(763, 0),
(764, 0),
(765, 0),
(766, 0),
(767, 0),
(768, 0),
(769, 0),
(770, 0),
(771, 0),
(772, 0),
(773, 0),
(774, 0),
(775, 0),
(776, 0),
(777, 0),
(778, 0),
(779, 0),
(780, 0),
(781, 0),
(782, 0),
(783, 0),
(784, 0),
(785, 0),
(786, 0),
(787, 0),
(788, 0),
(789, 0),
(790, 0),
(791, 0),
(792, 0),
(793, 0),
(794, 0),
(795, 0),
(796, 0),
(797, 0),
(798, 0),
(799, 0),
(800, 0),
(801, 1),
(802, 0),
(803, 0),
(804, 0),
(805, 0),
(806, 0),
(807, 0),
(808, 0),
(809, 0),
(810, 0),
(811, 0),
(812, 0),
(813, 0),
(814, 0),
(815, 0),
(816, 0),
(817, 0),
(818, 0),
(819, 0),
(820, 0),
(821, 0),
(822, 0),
(823, 0),
(824, 0),
(825, 0),
(826, 0),
(827, 0),
(828, 0),
(829, 0),
(830, 0),
(831, 0),
(832, 0),
(833, 0),
(834, 0),
(835, 0),
(836, 0),
(837, 0),
(838, 0),
(839, 0),
(840, 0),
(841, 0),
(842, 0),
(843, 0),
(844, 0),
(845, 0),
(846, 0),
(847, 0),
(848, 0),
(849, 0),
(850, 0),
(851, 0),
(852, 0),
(853, 0),
(854, 0),
(855, 0),
(856, 0),
(857, 0),
(858, 0),
(859, 0),
(860, 0),
(861, 0),
(862, 0),
(863, 0),
(864, 0),
(865, 0),
(866, 0),
(867, 0),
(868, 0),
(869, 0),
(870, 0),
(871, 0),
(872, 0),
(873, 0),
(874, 0),
(875, 0),
(876, 0),
(877, 0),
(878, 0),
(879, 0),
(880, 0),
(881, 0),
(882, 0),
(883, 0),
(884, 0),
(885, 0),
(886, 0),
(887, 0),
(888, 0),
(889, 0),
(890, 0),
(891, 0),
(892, 0),
(893, 0),
(894, 0),
(895, 0),
(896, 0),
(897, 0),
(898, 0),
(899, 0),
(900, 0),
(901, 0),
(902, 0),
(903, 0),
(904, 0);

-- --------------------------------------------------------

--
-- Estructura de tabla para la tabla `numeroasociado`
--

CREATE TABLE IF NOT EXISTS `numeroasociado` (
  `idNumeroAsociado` int(11) NOT NULL AUTO_INCREMENT,
  `Fecha` varchar(50) NOT NULL,
  `idAsociado` int(11) NOT NULL,
  `idNumero` int(11) NOT NULL,
  PRIMARY KEY (`idNumeroAsociado`,`idAsociado`,`idNumero`),
  UNIQUE KEY `idNumeroAsociado_UNIQUE` (`idNumeroAsociado`),
  KEY `fk_NumeroAsociado_Asociado1_idx` (`idAsociado`),
  KEY `fk_NumeroAsociado_Numero1_idx` (`idNumero`)
) ENGINE=InnoDB  DEFAULT CHARSET=utf8 AUTO_INCREMENT=5159 ;

--
-- Volcado de datos para la tabla `numeroasociado`
--

INSERT INTO `numeroasociado` (`idNumeroAsociado`, `Fecha`, `idAsociado`, `idNumero`) VALUES
(4255, '06/07/2018 09:26:25', 2076, 1),
(4256, '06/07/2018 09:26:25', 2077, 2),
(4257, '06/07/2018 09:26:25', 2078, 3),
(4258, '06/07/2018 09:26:25', 2079, 4),
(4259, '06/07/2018 09:26:25', 2080, 5),
(4260, '06/07/2018 09:26:25', 2081, 6),
(4261, '06/07/2018 09:26:25', 2082, 7),
(4262, '06/07/2018 09:26:25', 2083, 8),
(4263, '06/07/2018 09:26:25', 2084, 9),
(4264, '06/07/2018 09:26:25', 2085, 10),
(4265, '06/07/2018 09:26:25', 2086, 11),
(4266, '06/07/2018 09:26:25', 2087, 12),
(4267, '06/07/2018 09:26:25', 2088, 13),
(4268, '06/07/2018 09:26:25', 2089, 14),
(4269, '06/07/2018 09:26:25', 2090, 15),
(4270, '06/07/2018 09:26:25', 2091, 16),
(4271, '06/07/2018 09:26:25', 2092, 17),
(4272, '06/07/2018 09:26:25', 2093, 18),
(4273, '06/07/2018 09:26:25', 2094, 19),
(4274, '06/07/2018 09:26:25', 2095, 20),
(4275, '06/07/2018 09:26:25', 2096, 21),
(4276, '06/07/2018 09:26:25', 2097, 22),
(4277, '06/07/2018 09:26:25', 2098, 23),
(4278, '06/07/2018 09:26:25', 2099, 24),
(4279, '06/07/2018 09:26:25', 2100, 25),
(4280, '06/07/2018 09:26:25', 2101, 26),
(4281, '06/07/2018 09:26:25', 2102, 27),
(4282, '06/07/2018 09:26:25', 2103, 28),
(4283, '06/07/2018 09:26:25', 2104, 29),
(4284, '06/07/2018 09:26:25', 2105, 30),
(4285, '06/07/2018 09:26:25', 2106, 31),
(4286, '06/07/2018 09:26:25', 2107, 32),
(4287, '06/07/2018 09:26:25', 2108, 33),
(4288, '06/07/2018 09:26:25', 2109, 34),
(4289, '06/07/2018 09:26:25', 2110, 35),
(4290, '06/07/2018 09:26:25', 2111, 36),
(4291, '06/07/2018 09:26:25', 2112, 37),
(4292, '06/07/2018 09:26:25', 2113, 38),
(4293, '06/07/2018 09:26:25', 2114, 39),
(4294, '06/07/2018 09:26:25', 2115, 40),
(4295, '06/07/2018 09:26:25', 2116, 41),
(4296, '06/07/2018 09:26:25', 2117, 42),
(4297, '06/07/2018 09:26:25', 2118, 43),
(4298, '06/07/2018 09:26:25', 2119, 44),
(4299, '06/07/2018 09:26:25', 2120, 45),
(4300, '06/07/2018 09:26:25', 2121, 46),
(4301, '06/07/2018 09:26:25', 2122, 47),
(4302, '06/07/2018 09:26:25', 2123, 48),
(4303, '06/07/2018 09:26:25', 2124, 49),
(4304, '06/07/2018 09:26:25', 2125, 50),
(4305, '06/07/2018 09:26:25', 2126, 51),
(4306, '06/07/2018 09:26:25', 2127, 52),
(4307, '06/07/2018 09:26:25', 2128, 53),
(4308, '06/07/2018 09:26:25', 2129, 54),
(4309, '06/07/2018 09:26:25', 2130, 55),
(4310, '06/07/2018 09:26:25', 2131, 56),
(4311, '06/07/2018 09:26:25', 2132, 57),
(4312, '06/07/2018 09:26:25', 2133, 58),
(4313, '06/07/2018 09:26:25', 2134, 59),
(4314, '06/07/2018 09:26:25', 2135, 60),
(4315, '06/07/2018 09:26:25', 2136, 61),
(4316, '06/07/2018 09:26:25', 2137, 62),
(4317, '06/07/2018 09:26:25', 2138, 63),
(4318, '06/07/2018 09:26:25', 2139, 64),
(4319, '06/07/2018 09:26:25', 2140, 65),
(4320, '06/07/2018 09:26:25', 2141, 66),
(4321, '06/07/2018 09:26:25', 2142, 67),
(4322, '06/07/2018 09:26:25', 2143, 68),
(4323, '06/07/2018 09:26:25', 2144, 69),
(4324, '06/07/2018 09:26:25', 2145, 70),
(4325, '06/07/2018 09:26:25', 2146, 71),
(4326, '06/07/2018 09:26:25', 2147, 72),
(4327, '06/07/2018 09:26:25', 2148, 73),
(4328, '06/07/2018 09:26:25', 2149, 74),
(4329, '06/07/2018 09:26:25', 2150, 75),
(4330, '06/07/2018 09:26:25', 2151, 76),
(4331, '06/07/2018 09:26:25', 2152, 77),
(4332, '06/07/2018 09:26:25', 2153, 78),
(4333, '06/07/2018 09:26:25', 2154, 79),
(4334, '06/07/2018 09:26:25', 2155, 80),
(4335, '06/07/2018 09:26:25', 2156, 81),
(4336, '06/07/2018 09:26:25', 2157, 82),
(4337, '06/07/2018 09:26:25', 2158, 83),
(4338, '06/07/2018 09:26:25', 2159, 84),
(4339, '06/07/2018 09:26:25', 2160, 85),
(4340, '06/07/2018 09:26:25', 2161, 86),
(4341, '06/07/2018 09:26:25', 2162, 87),
(4342, '06/07/2018 09:26:25', 2163, 88),
(4343, '06/07/2018 09:26:25', 2164, 89),
(4344, '06/07/2018 09:26:25', 2165, 90),
(4345, '06/07/2018 09:26:25', 2166, 91),
(4346, '06/07/2018 09:26:25', 2167, 92),
(4347, '06/07/2018 09:26:25', 2168, 93),
(4348, '06/07/2018 09:26:25', 2169, 94),
(4349, '06/07/2018 09:26:25', 2170, 95),
(4350, '06/07/2018 09:26:25', 2171, 96),
(4351, '06/07/2018 09:26:25', 2172, 97),
(4352, '06/07/2018 09:26:25', 2173, 98),
(4353, '06/07/2018 09:26:25', 2174, 99),
(4354, '06/07/2018 09:26:25', 2175, 100),
(4355, '06/07/2018 09:26:25', 2176, 101),
(4356, '06/07/2018 09:26:25', 2177, 102),
(4357, '06/07/2018 09:26:25', 2178, 103),
(4358, '06/07/2018 09:26:25', 2179, 104),
(4359, '06/07/2018 09:26:25', 2180, 105),
(4360, '06/07/2018 09:26:25', 2181, 106),
(4361, '06/07/2018 09:26:25', 2182, 107),
(4362, '06/07/2018 09:26:25', 2183, 108),
(4363, '06/07/2018 09:26:25', 2184, 109),
(4364, '06/07/2018 09:26:25', 2185, 110),
(4365, '06/07/2018 09:26:25', 2186, 111),
(4366, '06/07/2018 09:26:25', 2187, 112),
(4367, '06/07/2018 09:26:25', 2188, 113),
(4368, '06/07/2018 09:26:25', 2189, 114),
(4369, '06/07/2018 09:26:25', 2190, 115),
(4370, '06/07/2018 09:26:25', 2191, 116),
(4371, '06/07/2018 09:26:25', 2192, 117),
(4372, '06/07/2018 09:26:25', 2193, 118),
(4373, '06/07/2018 09:26:25', 2194, 119),
(4374, '06/07/2018 09:26:25', 2195, 120),
(4375, '06/07/2018 09:26:25', 2196, 121),
(4376, '06/07/2018 09:26:25', 2197, 122),
(4377, '06/07/2018 09:26:25', 2198, 123),
(4378, '06/07/2018 09:26:25', 2199, 124),
(4379, '06/07/2018 09:26:25', 2200, 125),
(4380, '06/07/2018 09:26:25', 2201, 126),
(4381, '06/07/2018 09:26:25', 2202, 127),
(4382, '06/07/2018 09:26:25', 2203, 128),
(4383, '06/07/2018 09:26:25', 2204, 129),
(4384, '06/07/2018 09:26:25', 2205, 130),
(4385, '06/07/2018 09:26:25', 2206, 131),
(4386, '06/07/2018 09:26:25', 2207, 132),
(4387, '06/07/2018 09:26:25', 2208, 133),
(4388, '06/07/2018 09:26:25', 2209, 134),
(4389, '06/07/2018 09:26:25', 2210, 135),
(4390, '06/07/2018 09:26:25', 2211, 136),
(4391, '06/07/2018 09:26:25', 2212, 137),
(4392, '06/07/2018 09:26:25', 2213, 138),
(4393, '06/07/2018 09:26:25', 2214, 139),
(4394, '06/07/2018 09:26:25', 2215, 140),
(4395, '06/07/2018 09:26:25', 2216, 141),
(4396, '06/07/2018 09:26:25', 2217, 142),
(4397, '06/07/2018 09:26:25', 2218, 143),
(4398, '06/07/2018 09:26:25', 2219, 144),
(4399, '06/07/2018 09:26:25', 2220, 145),
(4400, '06/07/2018 09:26:25', 2221, 146),
(4401, '06/07/2018 09:26:25', 2222, 147),
(4402, '06/07/2018 09:26:25', 2223, 148),
(4403, '06/07/2018 09:26:25', 2224, 149),
(4404, '06/07/2018 09:26:25', 2225, 150),
(4405, '06/07/2018 09:26:25', 2226, 151),
(4406, '06/07/2018 09:26:25', 2227, 152),
(4407, '06/07/2018 09:26:25', 2228, 153),
(4408, '06/07/2018 09:26:25', 2229, 154),
(4409, '06/07/2018 09:26:25', 2230, 155),
(4410, '06/07/2018 09:26:25', 2231, 156),
(4411, '06/07/2018 09:26:25', 2232, 157),
(4412, '06/07/2018 09:26:25', 2233, 158),
(4413, '06/07/2018 09:26:25', 2234, 159),
(4414, '06/07/2018 09:26:25', 2235, 160),
(4415, '06/07/2018 09:26:25', 2236, 161),
(4416, '06/07/2018 09:26:25', 2237, 162),
(4417, '06/07/2018 09:26:25', 2238, 163),
(4418, '06/07/2018 09:26:25', 2239, 164),
(4419, '06/07/2018 09:26:25', 2240, 165),
(4420, '06/07/2018 09:26:25', 2241, 166),
(4421, '06/07/2018 09:26:25', 2242, 167),
(4422, '06/07/2018 09:26:25', 2243, 168),
(4423, '06/07/2018 09:26:25', 2244, 169),
(4424, '06/07/2018 09:26:25', 2245, 170),
(4425, '06/07/2018 09:26:25', 2246, 171),
(4426, '06/07/2018 09:26:25', 2247, 172),
(4427, '06/07/2018 09:26:25', 2248, 173),
(4428, '06/07/2018 09:26:25', 2249, 174),
(4429, '06/07/2018 09:26:25', 2250, 175),
(4430, '06/07/2018 09:26:25', 2251, 176),
(4431, '06/07/2018 09:26:25', 2252, 177),
(4432, '06/07/2018 09:26:25', 2253, 178),
(4433, '06/07/2018 09:26:25', 2254, 179),
(4434, '06/07/2018 09:26:25', 2255, 180),
(4435, '06/07/2018 09:26:25', 2256, 181),
(4436, '06/07/2018 09:26:25', 2257, 182),
(4437, '06/07/2018 09:26:25', 2258, 183),
(4438, '06/07/2018 09:26:25', 2259, 184),
(4439, '06/07/2018 09:26:25', 2260, 185),
(4440, '06/07/2018 09:26:25', 2261, 186),
(4441, '06/07/2018 09:26:25', 2262, 187),
(4442, '06/07/2018 09:26:25', 2263, 188),
(4443, '06/07/2018 09:26:25', 2264, 189),
(4444, '06/07/2018 09:26:25', 2265, 190),
(4445, '06/07/2018 09:26:25', 2266, 191),
(4446, '06/07/2018 09:26:25', 2267, 192),
(4447, '06/07/2018 09:26:25', 2268, 193),
(4448, '06/07/2018 09:26:25', 2269, 194),
(4449, '06/07/2018 09:26:25', 2270, 195),
(4450, '06/07/2018 09:26:25', 2271, 196),
(4451, '06/07/2018 09:26:25', 2272, 197),
(4452, '06/07/2018 09:26:25', 2273, 198),
(4453, '06/07/2018 09:26:25', 2274, 199),
(4454, '06/07/2018 09:26:25', 2275, 200),
(4455, '06/07/2018 09:26:25', 2276, 201),
(4456, '06/07/2018 09:26:25', 2277, 202),
(4457, '06/07/2018 09:26:25', 2278, 203),
(4458, '06/07/2018 09:26:25', 2279, 204),
(4459, '06/07/2018 09:26:25', 2280, 205),
(4460, '06/07/2018 09:26:25', 2281, 206),
(4461, '06/07/2018 09:26:25', 2282, 207),
(4462, '06/07/2018 09:26:25', 2283, 208),
(4463, '06/07/2018 09:26:25', 2284, 209),
(4464, '06/07/2018 09:26:25', 2285, 210),
(4465, '06/07/2018 09:26:25', 2286, 211),
(4466, '06/07/2018 09:26:25', 2287, 212),
(4467, '06/07/2018 09:26:25', 2288, 213),
(4468, '06/07/2018 09:26:25', 2289, 214),
(4469, '06/07/2018 09:26:25', 2290, 215),
(4470, '06/07/2018 09:26:25', 2291, 216),
(4471, '06/07/2018 09:26:25', 2292, 217),
(4472, '06/07/2018 09:26:25', 2293, 218),
(4473, '06/07/2018 09:26:25', 2294, 219),
(4474, '06/07/2018 09:26:25', 2295, 220),
(4475, '06/07/2018 09:26:25', 2296, 221),
(4476, '06/07/2018 09:26:25', 2297, 222),
(4477, '06/07/2018 09:26:25', 2298, 223),
(4478, '06/07/2018 09:26:25', 2299, 224),
(4479, '06/07/2018 09:26:25', 2300, 225),
(4480, '06/07/2018 09:26:25', 2301, 226),
(4481, '06/07/2018 09:26:25', 2302, 227),
(4482, '06/07/2018 09:26:25', 2303, 228),
(4483, '06/07/2018 09:26:25', 2304, 229),
(4484, '06/07/2018 09:26:25', 2305, 230),
(4485, '06/07/2018 09:26:25', 2306, 231),
(4486, '06/07/2018 09:26:25', 2307, 232),
(4487, '06/07/2018 09:26:25', 2308, 233),
(4488, '06/07/2018 09:26:25', 2309, 234),
(4489, '06/07/2018 09:26:25', 2310, 235),
(4490, '06/07/2018 09:26:25', 2311, 236),
(4491, '06/07/2018 09:26:25', 2312, 237),
(4492, '06/07/2018 09:26:25', 2313, 238),
(4493, '06/07/2018 09:26:25', 2314, 239),
(4494, '06/07/2018 09:26:25', 2315, 240),
(4495, '06/07/2018 09:26:25', 2316, 241),
(4496, '06/07/2018 09:26:25', 2317, 242),
(4497, '06/07/2018 09:26:25', 2318, 243),
(4498, '06/07/2018 09:26:25', 2319, 244),
(4499, '06/07/2018 09:26:25', 2320, 245),
(4500, '06/07/2018 09:26:25', 2321, 246),
(4501, '06/07/2018 09:26:25', 2322, 247),
(4502, '06/07/2018 09:26:25', 2323, 248),
(4503, '06/07/2018 09:26:25', 2324, 249),
(4504, '06/07/2018 09:26:25', 2325, 250),
(4505, '06/07/2018 09:26:25', 2326, 251),
(4506, '06/07/2018 09:26:25', 2327, 252),
(4507, '06/07/2018 09:26:25', 2328, 253),
(4508, '06/07/2018 09:26:25', 2329, 254),
(4509, '06/07/2018 09:26:25', 2330, 255),
(4510, '06/07/2018 09:26:25', 2331, 256),
(4511, '06/07/2018 09:26:25', 2332, 257),
(4512, '06/07/2018 09:26:25', 2333, 258),
(4513, '06/07/2018 09:26:25', 2334, 259),
(4514, '06/07/2018 09:26:25', 2335, 260),
(4515, '06/07/2018 09:26:25', 2336, 261),
(4516, '06/07/2018 09:26:25', 2337, 262),
(4517, '06/07/2018 09:26:25', 2338, 263),
(4518, '06/07/2018 09:26:25', 2339, 264),
(4519, '06/07/2018 09:26:25', 2340, 265),
(4520, '06/07/2018 09:26:25', 2341, 266),
(4521, '06/07/2018 09:26:25', 2342, 267),
(4522, '06/07/2018 09:26:25', 2343, 268),
(4523, '06/07/2018 09:26:25', 2344, 269),
(4524, '06/07/2018 09:26:25', 2345, 270),
(4525, '06/07/2018 09:26:25', 2346, 271),
(4526, '06/07/2018 09:26:25', 2347, 272),
(4527, '06/07/2018 09:26:25', 2348, 273),
(4528, '06/07/2018 09:26:25', 2349, 274),
(4529, '06/07/2018 09:26:25', 2350, 275),
(4530, '06/07/2018 09:26:25', 2351, 276),
(4531, '06/07/2018 09:26:25', 2352, 277),
(4532, '06/07/2018 09:26:25', 2353, 278),
(4533, '06/07/2018 09:26:25', 2354, 279),
(4534, '06/07/2018 09:26:25', 2355, 280),
(4535, '06/07/2018 09:26:25', 2356, 281),
(4536, '06/07/2018 09:26:25', 2357, 282),
(4537, '06/07/2018 09:26:25', 2358, 283),
(4538, '06/07/2018 09:26:25', 2359, 284),
(4539, '06/07/2018 09:26:25', 2360, 285),
(4540, '06/07/2018 09:26:25', 2361, 286),
(4541, '06/07/2018 09:26:25', 2362, 287),
(4542, '06/07/2018 09:26:25', 2363, 288),
(4543, '06/07/2018 09:26:25', 2364, 289),
(4544, '06/07/2018 09:26:25', 2365, 290),
(4545, '06/07/2018 09:26:25', 2366, 291),
(4546, '06/07/2018 09:26:25', 2367, 292),
(4547, '06/07/2018 09:26:25', 2368, 293),
(4548, '06/07/2018 09:26:25', 2369, 294),
(4549, '06/07/2018 09:26:25', 2370, 295),
(4550, '06/07/2018 09:26:25', 2371, 296),
(4551, '06/07/2018 09:26:25', 2372, 297),
(4552, '06/07/2018 09:26:25', 2373, 298),
(4553, '06/07/2018 09:26:25', 2374, 299),
(4554, '06/07/2018 09:26:25', 2375, 300),
(4555, '06/07/2018 09:26:25', 2376, 301),
(4556, '06/07/2018 09:26:25', 2377, 302),
(4557, '06/07/2018 09:26:25', 2378, 303),
(4558, '06/07/2018 09:26:25', 2379, 304),
(4559, '06/07/2018 09:26:25', 2380, 305),
(4560, '06/07/2018 09:26:25', 2381, 306),
(4561, '06/07/2018 09:26:25', 2382, 307),
(4562, '06/07/2018 09:26:25', 2383, 308),
(4563, '06/07/2018 09:26:25', 2384, 309),
(4564, '06/07/2018 09:26:25', 2385, 310),
(4565, '06/07/2018 09:26:25', 2386, 311),
(4566, '06/07/2018 09:26:25', 2387, 312),
(4567, '06/07/2018 09:26:25', 2388, 313),
(4568, '06/07/2018 09:26:25', 2389, 314),
(4569, '06/07/2018 09:26:25', 2390, 315),
(4570, '06/07/2018 09:26:25', 2391, 316),
(4571, '06/07/2018 09:26:25', 2392, 317),
(4572, '06/07/2018 09:26:25', 2393, 318),
(4573, '06/07/2018 09:26:25', 2394, 319),
(4574, '06/07/2018 09:26:25', 2395, 320),
(4575, '06/07/2018 09:26:25', 2396, 321),
(4576, '06/07/2018 09:26:25', 2397, 322),
(4577, '06/07/2018 09:26:25', 2398, 323),
(4578, '06/07/2018 09:26:25', 2399, 324),
(4579, '06/07/2018 09:26:25', 2400, 325),
(4580, '06/07/2018 09:26:25', 2401, 326),
(4581, '06/07/2018 09:26:25', 2402, 327),
(4582, '06/07/2018 09:26:25', 2403, 328),
(4583, '06/07/2018 09:26:25', 2404, 329),
(4584, '06/07/2018 09:26:25', 2405, 330),
(4585, '06/07/2018 09:26:25', 2406, 331),
(4586, '06/07/2018 09:26:25', 2407, 332),
(4587, '06/07/2018 09:26:25', 2408, 333),
(4588, '06/07/2018 09:26:25', 2409, 334),
(4589, '06/07/2018 09:26:25', 2410, 335),
(4590, '06/07/2018 09:26:25', 2411, 336),
(4591, '06/07/2018 09:26:25', 2412, 337),
(4592, '06/07/2018 09:26:25', 2413, 338),
(4593, '06/07/2018 09:26:25', 2414, 339),
(4594, '06/07/2018 09:26:25', 2415, 340),
(4595, '06/07/2018 09:26:25', 2416, 341),
(4596, '06/07/2018 09:26:25', 2417, 342),
(4597, '06/07/2018 09:26:25', 2418, 343),
(4598, '06/07/2018 09:26:25', 2419, 344),
(4599, '06/07/2018 09:26:25', 2420, 345),
(4600, '06/07/2018 09:26:25', 2421, 346),
(4601, '06/07/2018 09:26:25', 2422, 347),
(4602, '06/07/2018 09:26:25', 2423, 348),
(4603, '06/07/2018 09:26:25', 2424, 349),
(4604, '06/07/2018 09:26:25', 2425, 350),
(4605, '06/07/2018 09:26:25', 2426, 351),
(4606, '06/07/2018 09:26:25', 2427, 352),
(4607, '06/07/2018 09:26:25', 2428, 353),
(4608, '06/07/2018 09:26:25', 2429, 354),
(4609, '06/07/2018 09:26:25', 2430, 355),
(4610, '06/07/2018 09:26:25', 2431, 356),
(4611, '06/07/2018 09:26:25', 2432, 357),
(4612, '06/07/2018 09:26:25', 2433, 358),
(4613, '06/07/2018 09:26:25', 2434, 359),
(4614, '06/07/2018 09:26:25', 2435, 360),
(4615, '06/07/2018 09:26:25', 2436, 361),
(4616, '06/07/2018 09:26:25', 2437, 362),
(4617, '06/07/2018 09:26:25', 2438, 363),
(4618, '06/07/2018 09:26:25', 2439, 364),
(4619, '06/07/2018 09:26:25', 2440, 365),
(4620, '06/07/2018 09:26:25', 2441, 366),
(4621, '06/07/2018 09:26:25', 2442, 367),
(4622, '06/07/2018 09:26:25', 2443, 368),
(4623, '06/07/2018 09:26:25', 2444, 369),
(4624, '06/07/2018 09:26:25', 2445, 370),
(4625, '06/07/2018 09:26:25', 2446, 371),
(4626, '06/07/2018 09:26:25', 2447, 372),
(4627, '06/07/2018 09:26:25', 2448, 373),
(4628, '06/07/2018 09:26:25', 2449, 374),
(4629, '06/07/2018 09:26:25', 2450, 375),
(4630, '06/07/2018 09:26:25', 2451, 376),
(4631, '06/07/2018 09:26:25', 2452, 377),
(4632, '06/07/2018 09:26:25', 2453, 378),
(4633, '06/07/2018 09:26:25', 2454, 379),
(4634, '06/07/2018 09:26:25', 2455, 380),
(4635, '06/07/2018 09:26:25', 2456, 381),
(4636, '06/07/2018 09:26:25', 2457, 382),
(4637, '06/07/2018 09:26:25', 2458, 383),
(4638, '06/07/2018 09:26:25', 2459, 384),
(4639, '06/07/2018 09:26:25', 2460, 385),
(4640, '06/07/2018 09:26:25', 2461, 386),
(4641, '06/07/2018 09:26:25', 2462, 387),
(4642, '06/07/2018 09:26:25', 2463, 388),
(4643, '06/07/2018 09:26:25', 2464, 389),
(4644, '06/07/2018 09:26:25', 2465, 390),
(4645, '06/07/2018 09:26:25', 2466, 391),
(4646, '06/07/2018 09:26:25', 2467, 392),
(4647, '06/07/2018 09:26:25', 2468, 393),
(4648, '06/07/2018 09:26:25', 2469, 394),
(4649, '06/07/2018 09:26:25', 2470, 395),
(4650, '06/07/2018 09:26:25', 2471, 396),
(4651, '06/07/2018 09:26:25', 2472, 397),
(4652, '06/07/2018 09:26:25', 2473, 398),
(4653, '06/07/2018 09:26:25', 2474, 399),
(4654, '06/07/2018 09:26:25', 2475, 400),
(4655, '06/07/2018 09:26:25', 2476, 401),
(4656, '06/07/2018 09:26:25', 2477, 402),
(4657, '06/07/2018 09:26:25', 2478, 403),
(4658, '06/07/2018 09:26:25', 2479, 404),
(4659, '06/07/2018 09:26:25', 2480, 405),
(4660, '06/07/2018 09:26:25', 2481, 406),
(4661, '06/07/2018 09:26:25', 2482, 407),
(4662, '06/07/2018 09:26:25', 2483, 408),
(4663, '06/07/2018 09:26:25', 2484, 409),
(4664, '06/07/2018 09:26:25', 2485, 410),
(4665, '06/07/2018 09:26:25', 2486, 411),
(4666, '06/07/2018 09:26:25', 2487, 412),
(4667, '06/07/2018 09:26:25', 2488, 413),
(4668, '06/07/2018 09:26:25', 2489, 414),
(4669, '06/07/2018 09:26:25', 2490, 415),
(4670, '06/07/2018 09:26:25', 2491, 416),
(4671, '06/07/2018 09:26:25', 2492, 417),
(4672, '06/07/2018 09:26:25', 2493, 418),
(4673, '06/07/2018 09:26:25', 2494, 419),
(4674, '06/07/2018 09:26:25', 2495, 420),
(4675, '06/07/2018 09:26:25', 2496, 421),
(4676, '06/07/2018 09:26:25', 2497, 422),
(4677, '06/07/2018 09:26:25', 2498, 423),
(4678, '06/07/2018 09:26:25', 2499, 424),
(4679, '06/07/2018 09:26:25', 2500, 425),
(4680, '06/07/2018 09:26:25', 2501, 426),
(4681, '06/07/2018 09:26:25', 2502, 427),
(4682, '06/07/2018 09:26:25', 2503, 428),
(4683, '06/07/2018 09:26:25', 2504, 429),
(4684, '06/07/2018 09:26:25', 2505, 430),
(4685, '06/07/2018 09:26:25', 2506, 431),
(4686, '06/07/2018 09:26:25', 2507, 432),
(4687, '06/07/2018 09:26:25', 2508, 433),
(4688, '06/07/2018 09:26:25', 2509, 434),
(4689, '06/07/2018 09:26:25', 2510, 435),
(4690, '06/07/2018 09:26:25', 2511, 436),
(4691, '06/07/2018 09:26:25', 2512, 437),
(4692, '06/07/2018 09:26:25', 2513, 438),
(4693, '06/07/2018 09:26:25', 2514, 439),
(4694, '06/07/2018 09:26:25', 2515, 440),
(4695, '06/07/2018 09:26:25', 2516, 441),
(4696, '06/07/2018 09:26:25', 2517, 442),
(4697, '06/07/2018 09:26:25', 2518, 443),
(4698, '06/07/2018 09:26:25', 2519, 444),
(4699, '06/07/2018 09:26:25', 2520, 445),
(4700, '06/07/2018 09:26:25', 2521, 446),
(4701, '06/07/2018 09:26:25', 2522, 447),
(4702, '06/07/2018 09:26:25', 2523, 448),
(4703, '06/07/2018 09:26:25', 2524, 449),
(4704, '06/07/2018 09:26:25', 2525, 450),
(4705, '06/07/2018 09:26:25', 2526, 451),
(4706, '06/07/2018 09:26:25', 2527, 452),
(4707, '06/07/2018 09:26:25', 2528, 453),
(4708, '06/07/2018 09:26:25', 2529, 454),
(4709, '06/07/2018 09:26:25', 2530, 455),
(4710, '06/07/2018 09:26:25', 2531, 456),
(4711, '06/07/2018 09:26:25', 2532, 457),
(4712, '06/07/2018 09:26:25', 2533, 458),
(4713, '06/07/2018 09:26:25', 2534, 459),
(4714, '06/07/2018 09:26:25', 2535, 460),
(4715, '06/07/2018 09:26:25', 2536, 461),
(4716, '06/07/2018 09:26:25', 2537, 462),
(4717, '06/07/2018 09:26:25', 2538, 463),
(4718, '06/07/2018 09:26:25', 2539, 464),
(4719, '06/07/2018 09:26:25', 2540, 465),
(4720, '06/07/2018 09:26:25', 2541, 466),
(4721, '06/07/2018 09:26:25', 2542, 467),
(4722, '06/07/2018 09:26:25', 2543, 468),
(4723, '06/07/2018 09:26:25', 2544, 469),
(4724, '06/07/2018 09:26:25', 2545, 470),
(4725, '06/07/2018 09:26:25', 2546, 471),
(4726, '06/07/2018 09:26:25', 2547, 472),
(4727, '06/07/2018 09:26:25', 2548, 473),
(4728, '06/07/2018 09:26:25', 2549, 474),
(4729, '06/07/2018 09:26:25', 2550, 475),
(4730, '06/07/2018 09:26:25', 2551, 476),
(4731, '06/07/2018 09:26:25', 2552, 477),
(4732, '06/07/2018 09:26:25', 2553, 478),
(4733, '06/07/2018 09:26:25', 2554, 479),
(4734, '06/07/2018 09:26:25', 2555, 480),
(4735, '06/07/2018 09:26:25', 2556, 481),
(4736, '06/07/2018 09:26:25', 2557, 482),
(4737, '06/07/2018 09:26:25', 2558, 483),
(4738, '06/07/2018 09:26:25', 2559, 484),
(4739, '06/07/2018 09:26:25', 2560, 485),
(4740, '06/07/2018 09:26:25', 2561, 486),
(4741, '06/07/2018 09:26:25', 2562, 487),
(4742, '06/07/2018 09:26:25', 2563, 488),
(4743, '06/07/2018 09:26:25', 2564, 489),
(4744, '06/07/2018 09:26:25', 2565, 490),
(4745, '06/07/2018 09:26:25', 2566, 491),
(4746, '06/07/2018 09:26:25', 2567, 492),
(4747, '06/07/2018 09:26:25', 2568, 493),
(4748, '06/07/2018 09:26:25', 2569, 494),
(4749, '06/07/2018 09:26:25', 2570, 495),
(4750, '06/07/2018 09:26:25', 2571, 496),
(4751, '06/07/2018 09:26:25', 2572, 497),
(4752, '06/07/2018 09:26:25', 2573, 498),
(4753, '06/07/2018 09:26:25', 2574, 499),
(4754, '06/07/2018 09:26:25', 2575, 500),
(4755, '06/07/2018 09:26:25', 2576, 501),
(4756, '06/07/2018 09:26:25', 2577, 502),
(4757, '06/07/2018 09:26:25', 2578, 503),
(4758, '06/07/2018 09:26:25', 2579, 504),
(4759, '06/07/2018 09:26:25', 2580, 505),
(4760, '06/07/2018 09:26:25', 2581, 506),
(4761, '06/07/2018 09:26:25', 2582, 507),
(4762, '06/07/2018 09:26:25', 2583, 508),
(4763, '06/07/2018 09:26:25', 2584, 509),
(4764, '06/07/2018 09:26:25', 2585, 510),
(4765, '06/07/2018 09:26:25', 2586, 511),
(4766, '06/07/2018 09:26:25', 2587, 512),
(4767, '06/07/2018 09:26:25', 2588, 513),
(4768, '06/07/2018 09:26:25', 2589, 514),
(4769, '06/07/2018 09:26:25', 2590, 515),
(4770, '06/07/2018 09:26:25', 2591, 516),
(4771, '06/07/2018 09:26:25', 2592, 517),
(4772, '06/07/2018 09:26:25', 2593, 518),
(4773, '06/07/2018 09:26:25', 2594, 519),
(4774, '06/07/2018 09:26:25', 2595, 520),
(4775, '06/07/2018 09:26:25', 2596, 521),
(4776, '06/07/2018 09:26:25', 2597, 522),
(4777, '06/07/2018 09:26:25', 2598, 523),
(4778, '06/07/2018 09:26:25', 2599, 524),
(4779, '06/07/2018 09:26:25', 2600, 525),
(4780, '06/07/2018 09:26:25', 2601, 526),
(4781, '06/07/2018 09:26:25', 2602, 527),
(4782, '06/07/2018 09:26:25', 2603, 528),
(4783, '06/07/2018 09:26:25', 2604, 529),
(4784, '06/07/2018 09:26:25', 2605, 530),
(4785, '06/07/2018 09:26:25', 2606, 531),
(4786, '06/07/2018 09:26:25', 2607, 532),
(4787, '06/07/2018 09:26:25', 2608, 533),
(4788, '06/07/2018 09:26:25', 2609, 534),
(4789, '06/07/2018 09:26:25', 2610, 535),
(4790, '06/07/2018 09:26:25', 2611, 536),
(4791, '06/07/2018 09:26:25', 2612, 537),
(4792, '06/07/2018 09:26:25', 2613, 538),
(4793, '06/07/2018 09:26:25', 2614, 539),
(4794, '06/07/2018 09:26:25', 2615, 540),
(4795, '06/07/2018 09:26:25', 2616, 541),
(4796, '06/07/2018 09:26:25', 2617, 542),
(4797, '06/07/2018 09:26:25', 2618, 543),
(4798, '06/07/2018 09:26:25', 2619, 544),
(4799, '06/07/2018 09:26:25', 2620, 545),
(4800, '06/07/2018 09:26:25', 2621, 546),
(4801, '06/07/2018 09:26:25', 2622, 547),
(4802, '06/07/2018 09:26:25', 2623, 548),
(4803, '06/07/2018 09:26:25', 2624, 549),
(4804, '06/07/2018 09:26:25', 2625, 550),
(4805, '06/07/2018 09:26:25', 2626, 551),
(4806, '06/07/2018 09:26:25', 2627, 552),
(4807, '06/07/2018 09:26:25', 2628, 553),
(4808, '06/07/2018 09:26:25', 2629, 554),
(4809, '06/07/2018 09:26:25', 2630, 555),
(4810, '06/07/2018 09:26:25', 2631, 556),
(4811, '06/07/2018 09:26:25', 2632, 557),
(4812, '06/07/2018 09:26:25', 2633, 558),
(4813, '06/07/2018 09:26:25', 2634, 559),
(4814, '06/07/2018 09:26:25', 2635, 560),
(4815, '06/07/2018 09:26:25', 2636, 561),
(4816, '06/07/2018 09:26:25', 2637, 562),
(4817, '06/07/2018 09:26:25', 2638, 563),
(4818, '06/07/2018 09:26:25', 2639, 564),
(4819, '06/07/2018 09:26:25', 2640, 565),
(4820, '06/07/2018 09:26:25', 2641, 566),
(4821, '06/07/2018 09:26:25', 2642, 567),
(4822, '06/07/2018 09:26:25', 2643, 568),
(4823, '06/07/2018 09:26:25', 2644, 569),
(4824, '06/07/2018 09:26:25', 2645, 570),
(4825, '06/07/2018 09:26:25', 2646, 571),
(4826, '06/07/2018 09:26:25', 2647, 572),
(4827, '06/07/2018 09:26:25', 2648, 573),
(4828, '06/07/2018 09:26:25', 2649, 574),
(4829, '06/07/2018 09:26:25', 2650, 575),
(4830, '06/07/2018 09:26:25', 2651, 576),
(4831, '06/07/2018 09:26:25', 2652, 577),
(4832, '06/07/2018 09:26:25', 2653, 578),
(4833, '06/07/2018 09:26:25', 2654, 579),
(4834, '06/07/2018 09:26:25', 2655, 580),
(4835, '06/07/2018 09:26:25', 2656, 581),
(4836, '06/07/2018 09:26:25', 2657, 582),
(4837, '06/07/2018 09:26:25', 2658, 583),
(4838, '06/07/2018 09:26:25', 2659, 584),
(4839, '06/07/2018 09:26:25', 2660, 585),
(4840, '06/07/2018 09:26:25', 2661, 586),
(4841, '06/07/2018 09:26:25', 2662, 587),
(4842, '06/07/2018 09:26:25', 2663, 588),
(4843, '06/07/2018 09:26:25', 2664, 589),
(4844, '06/07/2018 09:26:25', 2665, 590),
(4845, '06/07/2018 09:26:25', 2666, 591),
(4846, '06/07/2018 09:26:25', 2667, 592),
(4847, '06/07/2018 09:26:25', 2668, 593),
(4848, '06/07/2018 09:26:25', 2669, 594),
(4849, '06/07/2018 09:26:25', 2670, 595),
(4850, '06/07/2018 09:26:25', 2671, 596),
(4851, '06/07/2018 09:26:25', 2672, 597),
(4852, '06/07/2018 09:26:25', 2673, 598),
(4853, '06/07/2018 09:26:25', 2674, 599),
(4854, '06/07/2018 09:26:25', 2675, 600),
(4855, '06/07/2018 09:26:25', 2676, 601),
(4856, '06/07/2018 09:26:25', 2677, 602),
(4857, '06/07/2018 09:26:25', 2678, 603),
(4858, '06/07/2018 09:26:25', 2679, 604),
(4859, '06/07/2018 09:26:25', 2680, 605),
(4860, '06/07/2018 09:26:25', 2681, 606),
(4861, '06/07/2018 09:26:25', 2682, 607),
(4862, '06/07/2018 09:26:25', 2683, 608),
(4863, '06/07/2018 09:26:25', 2684, 609),
(4864, '06/07/2018 09:26:25', 2685, 610),
(4865, '06/07/2018 09:26:25', 2686, 611),
(4866, '06/07/2018 09:26:25', 2687, 612),
(4867, '06/07/2018 09:26:25', 2688, 613),
(4868, '06/07/2018 09:26:25', 2689, 614),
(4869, '06/07/2018 09:26:25', 2690, 615),
(4870, '06/07/2018 09:26:25', 2691, 616),
(4871, '06/07/2018 09:26:25', 2692, 617),
(4872, '06/07/2018 09:26:25', 2693, 618),
(4873, '06/07/2018 09:26:25', 2694, 619),
(4874, '06/07/2018 09:26:25', 2695, 620),
(4875, '06/07/2018 09:26:25', 2696, 621),
(4876, '06/07/2018 09:26:25', 2697, 622),
(4877, '06/07/2018 09:26:25', 2698, 623),
(4878, '06/07/2018 09:26:25', 2699, 624),
(4879, '06/07/2018 09:26:25', 2700, 625),
(4880, '06/07/2018 09:26:25', 2701, 626),
(4881, '06/07/2018 09:26:25', 2702, 627),
(4882, '06/07/2018 09:26:25', 2703, 628),
(4883, '06/07/2018 09:26:25', 2704, 629),
(4884, '06/07/2018 09:26:25', 2705, 630),
(4885, '06/07/2018 09:26:25', 2706, 631),
(4886, '06/07/2018 09:26:25', 2707, 632),
(4887, '06/07/2018 09:26:25', 2708, 633),
(4888, '06/07/2018 09:26:25', 2709, 634),
(4889, '06/07/2018 09:26:25', 2710, 635),
(4890, '06/07/2018 09:26:25', 2711, 636),
(4891, '06/07/2018 09:26:25', 2712, 637),
(4892, '06/07/2018 09:26:25', 2713, 638),
(4893, '06/07/2018 09:26:25', 2714, 639),
(4894, '06/07/2018 09:26:25', 2715, 640),
(4895, '06/07/2018 09:26:25', 2716, 641),
(4896, '06/07/2018 09:26:25', 2717, 642),
(4897, '06/07/2018 09:26:25', 2718, 643),
(4898, '06/07/2018 09:26:25', 2719, 644),
(4899, '06/07/2018 09:26:25', 2720, 645),
(4900, '06/07/2018 09:26:25', 2721, 646),
(4901, '06/07/2018 09:26:25', 2722, 647),
(4902, '06/07/2018 09:26:25', 2723, 648),
(4903, '06/07/2018 09:26:25', 2724, 649),
(4904, '06/07/2018 09:26:25', 2725, 650),
(4905, '06/07/2018 09:26:25', 2726, 651),
(4906, '06/07/2018 09:26:25', 2727, 652),
(4907, '06/07/2018 09:26:25', 2728, 653),
(4908, '06/07/2018 09:26:25', 2729, 654),
(4909, '06/07/2018 09:26:25', 2730, 655),
(4910, '06/07/2018 09:26:25', 2731, 656),
(4911, '06/07/2018 09:26:25', 2732, 657),
(4912, '06/07/2018 09:26:25', 2733, 658),
(4913, '06/07/2018 09:26:25', 2734, 659),
(4914, '06/07/2018 09:26:25', 2735, 660),
(4915, '06/07/2018 09:26:25', 2736, 661),
(4916, '06/07/2018 09:26:25', 2737, 662),
(4917, '06/07/2018 09:26:25', 2738, 663),
(4918, '06/07/2018 09:26:25', 2739, 664),
(4919, '06/07/2018 09:26:25', 2740, 665),
(4920, '06/07/2018 09:26:25', 2741, 666),
(4921, '06/07/2018 09:26:25', 2742, 667),
(4922, '06/07/2018 09:26:25', 2743, 668),
(4923, '06/07/2018 09:26:25', 2744, 669),
(4924, '06/07/2018 09:26:25', 2745, 670),
(4925, '06/07/2018 09:26:25', 2746, 671),
(4926, '06/07/2018 09:26:25', 2747, 672),
(4927, '06/07/2018 09:26:25', 2748, 673),
(4928, '06/07/2018 09:26:25', 2749, 674),
(4929, '06/07/2018 09:26:25', 2750, 675),
(4930, '06/07/2018 09:26:25', 2751, 676),
(4931, '06/07/2018 09:26:25', 2752, 677),
(4932, '06/07/2018 09:26:25', 2753, 678),
(4933, '06/07/2018 09:26:25', 2754, 679),
(4934, '06/07/2018 09:26:25', 2755, 680),
(4935, '06/07/2018 09:26:25', 2756, 681),
(4936, '06/07/2018 09:26:25', 2757, 682),
(4937, '06/07/2018 09:26:25', 2758, 683),
(4938, '06/07/2018 09:26:25', 2759, 684),
(4939, '06/07/2018 09:26:25', 2760, 685),
(4940, '06/07/2018 09:26:25', 2761, 686),
(4941, '06/07/2018 09:26:25', 2762, 687),
(4942, '06/07/2018 09:26:25', 2763, 688),
(4943, '06/07/2018 09:26:25', 2764, 689),
(4944, '06/07/2018 09:26:25', 2765, 690),
(4945, '06/07/2018 09:26:25', 2766, 691),
(4946, '06/07/2018 09:26:25', 2767, 692),
(4947, '06/07/2018 09:26:25', 2768, 693),
(4948, '06/07/2018 09:26:25', 2769, 694),
(4949, '06/07/2018 09:26:25', 2770, 695),
(4950, '06/07/2018 09:26:25', 2771, 696),
(4951, '06/07/2018 09:26:25', 2772, 697),
(4952, '06/07/2018 09:26:25', 2773, 698),
(4953, '06/07/2018 09:26:25', 2774, 699),
(4954, '06/07/2018 09:26:25', 2775, 700),
(4955, '06/07/2018 09:26:25', 2776, 701),
(4956, '06/07/2018 09:26:25', 2777, 702),
(4957, '06/07/2018 09:26:25', 2778, 703),
(4958, '06/07/2018 09:26:25', 2779, 704),
(4959, '06/07/2018 09:26:25', 2780, 705),
(4960, '06/07/2018 09:26:25', 2781, 706),
(4961, '06/07/2018 09:26:25', 2782, 707),
(4962, '06/07/2018 09:26:25', 2783, 708),
(4963, '06/07/2018 09:26:25', 2784, 709),
(4964, '06/07/2018 09:26:25', 2785, 710),
(4965, '06/07/2018 09:26:25', 2786, 711),
(4966, '06/07/2018 09:26:25', 2787, 712),
(4967, '06/07/2018 09:26:25', 2788, 713),
(4968, '06/07/2018 09:26:25', 2789, 714),
(4969, '06/07/2018 09:26:25', 2790, 715),
(4970, '06/07/2018 09:26:25', 2791, 716),
(4971, '06/07/2018 09:26:25', 2792, 717),
(4972, '06/07/2018 09:26:25', 2793, 718),
(4973, '06/07/2018 09:26:25', 2794, 719),
(4974, '06/07/2018 09:26:25', 2795, 720),
(4975, '06/07/2018 09:26:25', 2796, 721),
(4976, '06/07/2018 09:26:25', 2797, 722),
(4977, '06/07/2018 09:26:25', 2798, 723),
(4978, '06/07/2018 09:26:25', 2799, 724),
(4979, '06/07/2018 09:26:25', 2800, 725),
(4980, '06/07/2018 09:26:25', 2801, 726),
(4981, '06/07/2018 09:26:25', 2802, 727),
(4982, '06/07/2018 09:26:25', 2803, 728),
(4983, '06/07/2018 09:26:25', 2804, 729),
(4984, '06/07/2018 09:26:25', 2805, 730),
(4985, '06/07/2018 09:26:25', 2806, 731),
(4986, '06/07/2018 09:26:25', 2807, 732),
(4987, '06/07/2018 09:26:25', 2808, 733),
(4988, '06/07/2018 09:26:25', 2809, 734),
(4989, '06/07/2018 09:26:25', 2810, 735),
(4990, '06/07/2018 09:26:25', 2811, 736),
(4991, '06/07/2018 09:26:25', 2812, 737),
(4992, '06/07/2018 09:26:25', 2813, 738),
(4993, '06/07/2018 09:26:25', 2814, 739),
(4994, '06/07/2018 09:26:25', 2815, 740),
(4995, '06/07/2018 09:26:25', 2816, 741),
(4996, '06/07/2018 09:26:25', 2817, 742),
(4997, '06/07/2018 09:26:25', 2818, 743),
(4998, '06/07/2018 09:26:25', 2819, 744),
(4999, '06/07/2018 09:26:25', 2820, 745),
(5000, '06/07/2018 09:26:25', 2821, 746),
(5001, '06/07/2018 09:26:25', 2822, 747),
(5002, '06/07/2018 09:26:25', 2823, 748),
(5003, '06/07/2018 09:26:25', 2824, 749),
(5004, '06/07/2018 09:26:25', 2825, 750),
(5005, '06/07/2018 09:26:25', 2826, 751),
(5006, '06/07/2018 09:26:25', 2827, 752),
(5007, '06/07/2018 09:26:25', 2828, 753),
(5008, '06/07/2018 09:26:25', 2829, 754),
(5009, '06/07/2018 09:26:25', 2830, 755),
(5010, '06/07/2018 09:26:25', 2831, 756),
(5011, '06/07/2018 09:26:25', 2832, 757),
(5012, '06/07/2018 09:26:25', 2833, 758),
(5013, '06/07/2018 09:26:25', 2834, 759),
(5014, '06/07/2018 09:26:25', 2835, 760),
(5015, '06/07/2018 09:26:25', 2836, 761),
(5016, '06/07/2018 09:26:25', 2837, 762),
(5017, '06/07/2018 09:26:25', 2838, 763),
(5018, '06/07/2018 09:26:25', 2839, 764),
(5019, '06/07/2018 09:26:25', 2840, 765),
(5020, '06/07/2018 09:26:25', 2841, 766),
(5021, '06/07/2018 09:26:25', 2842, 767),
(5022, '06/07/2018 09:26:25', 2843, 768),
(5023, '06/07/2018 09:26:25', 2844, 769),
(5024, '06/07/2018 09:26:25', 2845, 770),
(5025, '06/07/2018 09:26:25', 2846, 771),
(5026, '06/07/2018 09:26:25', 2847, 772),
(5027, '06/07/2018 09:26:25', 2848, 773),
(5028, '06/07/2018 09:26:25', 2849, 774),
(5029, '06/07/2018 09:26:25', 2850, 775),
(5030, '06/07/2018 09:26:25', 2851, 776),
(5031, '06/07/2018 09:26:25', 2852, 777),
(5032, '06/07/2018 09:26:25', 2853, 778),
(5033, '06/07/2018 09:26:25', 2854, 779),
(5034, '06/07/2018 09:26:25', 2855, 780),
(5035, '06/07/2018 09:26:25', 2856, 781),
(5036, '06/07/2018 09:26:25', 2857, 782),
(5037, '06/07/2018 09:26:25', 2858, 783),
(5038, '06/07/2018 09:26:25', 2859, 784),
(5039, '06/07/2018 09:26:25', 2860, 785),
(5040, '06/07/2018 09:26:25', 2861, 786),
(5041, '06/07/2018 09:26:25', 2862, 787),
(5042, '06/07/2018 09:26:25', 2863, 788),
(5043, '06/07/2018 09:26:25', 2864, 789),
(5044, '06/07/2018 09:26:25', 2865, 790),
(5045, '06/07/2018 09:26:25', 2866, 791),
(5046, '06/07/2018 09:26:25', 2867, 792),
(5047, '06/07/2018 09:26:25', 2868, 793),
(5048, '06/07/2018 09:26:25', 2869, 794),
(5049, '06/07/2018 09:26:25', 2870, 795),
(5050, '06/07/2018 09:26:25', 2871, 796),
(5051, '06/07/2018 09:26:25', 2872, 797),
(5052, '06/07/2018 09:26:25', 2873, 798),
(5053, '06/07/2018 09:26:25', 2874, 799),
(5054, '06/07/2018 09:26:25', 2875, 800),
(5055, '06/07/2018 09:26:25', 2876, 801),
(5056, '06/07/2018 09:26:25', 2877, 802),
(5057, '06/07/2018 09:26:25', 2878, 803),
(5058, '06/07/2018 09:26:25', 2879, 804),
(5059, '06/07/2018 09:26:25', 2880, 805),
(5060, '06/07/2018 09:26:25', 2881, 806),
(5061, '06/07/2018 09:26:25', 2882, 807),
(5062, '06/07/2018 09:26:25', 2883, 808),
(5063, '06/07/2018 09:26:25', 2884, 809),
(5064, '06/07/2018 09:26:25', 2885, 810),
(5065, '06/07/2018 09:26:25', 2886, 811),
(5066, '06/07/2018 09:26:25', 2887, 812),
(5067, '06/07/2018 09:26:25', 2888, 813),
(5068, '06/07/2018 09:26:25', 2889, 814),
(5069, '06/07/2018 09:26:25', 2890, 815),
(5070, '06/07/2018 09:26:25', 2891, 816),
(5071, '06/07/2018 09:26:25', 2892, 817),
(5072, '06/07/2018 09:26:25', 2893, 818),
(5073, '06/07/2018 09:26:25', 2894, 819),
(5074, '06/07/2018 09:26:25', 2895, 820),
(5075, '06/07/2018 09:26:25', 2896, 821),
(5076, '06/07/2018 09:26:25', 2897, 822),
(5077, '06/07/2018 09:26:25', 2898, 823),
(5078, '06/07/2018 09:26:25', 2899, 824),
(5079, '06/07/2018 09:26:25', 2900, 825),
(5080, '06/07/2018 09:26:25', 2901, 826),
(5081, '06/07/2018 09:26:25', 2902, 827),
(5082, '06/07/2018 09:26:25', 2903, 828),
(5083, '06/07/2018 09:26:25', 2904, 829),
(5084, '06/07/2018 09:26:25', 2905, 830),
(5085, '06/07/2018 09:26:25', 2906, 831),
(5086, '06/07/2018 09:26:25', 2907, 832),
(5087, '06/07/2018 09:26:25', 2908, 833),
(5088, '06/07/2018 09:26:25', 2909, 834),
(5089, '06/07/2018 09:26:25', 2910, 835),
(5090, '06/07/2018 09:26:25', 2911, 836),
(5091, '06/07/2018 09:26:25', 2912, 837),
(5092, '06/07/2018 09:26:25', 2913, 838),
(5093, '06/07/2018 09:26:25', 2914, 839),
(5094, '06/07/2018 09:26:25', 2915, 840),
(5095, '06/07/2018 09:26:25', 2916, 841),
(5096, '06/07/2018 09:26:25', 2917, 842),
(5097, '06/07/2018 09:26:25', 2918, 843),
(5098, '06/07/2018 09:26:25', 2919, 844),
(5099, '06/07/2018 09:26:25', 2920, 845),
(5100, '06/07/2018 09:26:25', 2921, 846),
(5101, '06/07/2018 09:26:25', 2922, 847),
(5102, '06/07/2018 09:26:25', 2923, 848),
(5103, '06/07/2018 09:26:25', 2924, 849),
(5104, '06/07/2018 09:26:25', 2925, 850),
(5105, '06/07/2018 09:26:25', 2926, 851),
(5106, '06/07/2018 09:26:25', 2927, 852),
(5107, '06/07/2018 09:26:25', 2928, 853),
(5108, '06/07/2018 09:26:25', 2929, 854),
(5109, '06/07/2018 09:26:25', 2930, 855),
(5110, '06/07/2018 09:26:25', 2931, 856),
(5111, '06/07/2018 09:26:25', 2932, 857),
(5112, '06/07/2018 09:26:25', 2933, 858),
(5113, '06/07/2018 09:26:25', 2934, 859),
(5114, '06/07/2018 09:26:25', 2935, 860),
(5115, '06/07/2018 09:26:25', 2936, 861),
(5116, '06/07/2018 09:26:25', 2937, 862),
(5117, '06/07/2018 09:26:25', 2938, 863),
(5118, '06/07/2018 09:26:25', 2939, 864),
(5119, '06/07/2018 09:26:25', 2940, 865),
(5120, '06/07/2018 09:26:25', 2941, 866),
(5121, '06/07/2018 09:26:25', 2942, 867),
(5122, '06/07/2018 09:26:25', 2943, 868),
(5123, '06/07/2018 09:26:25', 2944, 869),
(5124, '06/07/2018 09:26:25', 2945, 870),
(5125, '06/07/2018 09:26:25', 2946, 871),
(5126, '06/07/2018 09:26:25', 2947, 872),
(5127, '06/07/2018 09:26:25', 2948, 873),
(5128, '06/07/2018 09:26:25', 2949, 874),
(5129, '06/07/2018 09:26:25', 2950, 875),
(5130, '06/07/2018 09:26:25', 2951, 876),
(5131, '06/07/2018 09:26:25', 2952, 877),
(5132, '06/07/2018 09:26:25', 2953, 878),
(5133, '06/07/2018 09:26:25', 2954, 879),
(5134, '06/07/2018 09:26:25', 2955, 880),
(5135, '06/07/2018 09:26:25', 2956, 881),
(5136, '06/07/2018 09:26:25', 2957, 882),
(5137, '06/07/2018 09:26:25', 2958, 883),
(5138, '06/07/2018 09:26:25', 2959, 884),
(5139, '06/07/2018 09:26:25', 2960, 885),
(5140, '06/07/2018 09:26:25', 2961, 886),
(5141, '06/07/2018 09:26:25', 2962, 887),
(5142, '06/07/2018 09:26:25', 2963, 888),
(5143, '06/07/2018 09:26:25', 2964, 889),
(5144, '06/07/2018 09:26:25', 2965, 890),
(5145, '06/07/2018 09:26:25', 2966, 891),
(5146, '06/07/2018 09:26:25', 2967, 892),
(5147, '06/07/2018 09:26:25', 2968, 893),
(5148, '06/07/2018 09:26:25', 2969, 894),
(5149, '06/07/2018 09:26:25', 2970, 895),
(5150, '06/07/2018 09:26:25', 2971, 896),
(5151, '06/07/2018 09:26:25', 2972, 897),
(5152, '06/07/2018 09:26:25', 2973, 898),
(5153, '06/07/2018 09:26:25', 2974, 899),
(5154, '06/07/2018 09:26:25', 2975, 900),
(5155, '06/07/2018 09:26:25', 2976, 901),
(5156, '06/07/2018 09:26:25', 2977, 902),
(5157, '06/07/2018 09:26:25', 2978, 903),
(5158, '06/07/2018 09:26:25', 2979, 904);

-- --------------------------------------------------------

--
-- Estructura de tabla para la tabla `persona`
--

CREATE TABLE IF NOT EXISTS `persona` (
  `idPersona` int(11) NOT NULL AUTO_INCREMENT,
  `Nombre` varchar(50) NOT NULL,
  `Apellido` varchar(50) NOT NULL,
  `Cedula` varchar(50) NOT NULL,
  PRIMARY KEY (`idPersona`),
  UNIQUE KEY `idPersona_UNIQUE` (`idPersona`),
  UNIQUE KEY `Cedula_UNIQUE` (`Cedula`)
) ENGINE=InnoDB  DEFAULT CHARSET=utf8 AUTO_INCREMENT=2999 ;

--
-- Volcado de datos para la tabla `persona`
--

INSERT INTO `persona` (`idPersona`, `Nombre`, `Apellido`, `Cedula`) VALUES
(44, 'Sofia ', 'Manotas', '232221'),
(2095, 'JULIO CESAR', 'HERNANDEZ ARZUSA', '9295822'),
(2096, 'ASDRUBAL ', 'RECUERO MARRUGO', '9052097'),
(2097, 'ROMULO ', 'BUSTOS AGUIRRE', '9090783'),
(2098, 'CARLOS ALBERTO', 'SEVERICHE SIERRA', '1102799105'),
(2099, 'LUIS ', 'MONROY RODRIGUEZ', '73085799'),
(2100, 'MIGUEL SALVADOR', 'DEL VALLE MARTELO', '9078708'),
(2101, 'ROSIRIS DEL CARMEN', 'MARTINEZ OCHOA', '33286087'),
(2102, 'ARIEL ALONSO', 'BELLO ESPINOSA', '73094962'),
(2103, 'KATHERINE TATIANA', 'REDONDO DE ORO', '1047364833'),
(2104, 'ALVARO ', 'DEL CASTILLO YANCE', '9056200'),
(2105, 'ALINA DEL SOCORRO', 'MILANES IZQUIERDO', '45499476'),
(2106, 'LUIS ALBERTO', 'MARTINEZ MAGALLANES', '73149734'),
(2107, 'RAUL ', 'QUEJADA PEREZ', '73084405'),
(2108, 'ORLANDO CESAR', 'DEAVILA PERTUZ', '1047377355'),
(2109, 'GLEDYS ENITH', 'MONTES RIVERA', '45450892'),
(2110, 'FABIO ENRIQUE', 'CALVO ANDERSON', '9077345'),
(2111, 'ESTELA ', 'SIMANCA MENDOZA', '45504398'),
(2112, 'ALVARO ', 'CRUZ QUINTERO', '73101230'),
(2113, 'BEATRIZ ', 'VERGARA GONZALEZ', '45426336'),
(2114, 'ANDRES ', 'VASQUEZ CANTILLO', '73561093'),
(2115, 'MARTIN RAFAEL', 'DIAZ PINEDA', '73108042'),
(2116, 'HENRRY JAVIER', 'VALLE BENEDETTI', '73146027'),
(2117, 'YALEYVIS AMPARO', 'BUELVAS MONTES', '22864772'),
(2118, 'GUILLERMO ', 'ROVIRA ROSALES', '9051647'),
(2119, 'ALVARO ENRIQUE', 'BARCO GOMEZ', '9090474'),
(2120, 'MYRIAM AMPARO', 'PULIDO ROZO', '41692834'),
(2121, 'FELIPE ENRIQUE', 'GOMEZ OSORIO', '12582862'),
(2122, 'AMALFI DEL SOCORRO', 'PADILLA CASTILLA', '45438222'),
(2123, 'EMILIANO RAFAEL', 'MARTINEZ SERRANO', '73227393'),
(2124, 'JOSE MARIA', 'TORO GUERRA', '9094157'),
(2125, 'OMAIRA ', 'BERNAL PAYARES', '51649482'),
(2126, 'EDNA MARGARITA', 'GOMEZ BUSTAMANTE', '45470344'),
(2127, 'PAMELA ', 'GARCES ESQUIVEL', '1128047510'),
(2128, 'JUAN DEL CRISTO', 'SIERRA MONTERROZA', '15701119'),
(2129, 'LEANDRO SEGUNDO', 'MEJIA RIOS', '9067565'),
(2130, 'CARLOS MANUEL', 'CANTILLO PUELLO', '73071757'),
(2131, 'NESTOR CARLOS', 'RODRIGUEZ VEGA', '14430619'),
(2132, 'MARIO ARMANDO', 'ECHAVARRIA ESQUIVEL', '9092023'),
(2133, 'EDGAR ORLANDO', 'ALARCON ', '79307570'),
(2134, 'ZULLY MARIBEL', 'GRAU CALDERON', '45467414'),
(2135, 'LIZELIA MARGARITA', 'ALFARO ZOLA', '45518961'),
(2136, 'YULY YESENIA', 'NEGRETE MARTINEZ', '1047380519'),
(2137, 'MARIA EUGENIA', 'NAVAS RIOS', '32525919'),
(2138, 'EDELMIRA DEL CARMEN', 'MARTINEZ ZABALETA', '45436141'),
(2139, 'RAMON DE JESUS', 'TORRES ORTEGA', '9172687'),
(2140, 'BERNE ANTONIO', 'GONZALEZ VILLEGAS', '13350931'),
(2141, 'MARCIAL ENRIQUE', 'BARROS COLINA', '3797445'),
(2142, 'JORGE ENRIQUE', 'HERNANDEZ CAMACHO', '87471107'),
(2143, 'RUBEN DARIO', 'ORTIZ ORTIZ', '16732996'),
(2144, 'ENRIQUE ALBERTO', 'MARRUGO RINCON', '9093802'),
(2145, 'CESAR ', 'MENDIVIL CIODARO', '15242193'),
(2146, 'KATHERINE MARGARITA', 'ARRIETA VERGARA', '45766044'),
(2147, 'ELIDA MARIA', 'ALZAMORA TABORDA', '45465739'),
(2148, 'MERCY DEL SOCORRO', 'JURADO OLIVO', '23071300'),
(2149, 'OCTAVIO SALOMON', 'ARZUZA NAVARRO', '7451120'),
(2150, 'JOSE MIGUEL', 'ACEVEDO MARIMON', '9152924'),
(2151, 'WISTON ', 'CERRO MUNOZ', '9056962'),
(2152, 'RICARDO ', 'GAITAN IBARRA', '7884813'),
(2153, 'ELIZABETH ', 'MIRANDA GUERRA', '1047393580'),
(2154, 'JULIO CESAR', 'QUINTANA PEREZ', '73091729'),
(2155, 'ZOILA BEATRIZ', 'CARBONELL MUNOZ', '23238203'),
(2156, 'AMPARO ASTRID', 'MONTALVO PRIETO', '33147374'),
(2157, 'EDGAR ', 'PARRA CHACON', '5944219'),
(2158, 'RONALD ENRIQUE', 'REGINO LOPEZ', '1098623936'),
(2159, 'MARTA MERCEDES', 'FERNANDEZ GUERRERO', '33121192'),
(2160, 'XIOMARA MARIA', 'ROSALES DE LA ESPRIELLA', '51882696'),
(2161, 'GERARDO ', 'RODRIGUEZ ESTUPINAN', '7221802'),
(2162, 'GINA EUGENIA', 'MONTIEL PATIÑO', '50849905'),
(2163, 'EFRAIN ARTURO', 'IRIARTE LARA', '9137492'),
(2164, 'YEIMY CANDELARIA', 'TOVAR BARRETO', '45548299'),
(2165, 'JOSE EUSTAQUIO', 'SEQUEDA MERCADO', '3995252'),
(2166, 'JENNIFER DEL CARMEN', 'DEL RIO DURANGO', '45693297'),
(2167, 'ALFONSO ', 'MONTES CAMELO', '73129770'),
(2168, 'ALVARO GUILLERMO', 'DELGADO DE LOS RIOS', '73153457'),
(2169, 'AMAURY FRANCISCO', 'LORA SFER', '6873479'),
(2170, 'HORTENCIA NAIZZARA', 'RODRIGUEZ GONZALEZ', '45451823'),
(2171, 'MIRLENA DEL ROCIO', 'NIEVES PITALUA', '45426658'),
(2172, 'FARITH DAMIAN', 'GONZALEZ MARTINEZ', '79533296'),
(2173, 'ROGELIO RAFAEL', 'MENDEZ RODRIGUEZ', '73084899'),
(2174, 'EDGARDO ANTONIO', 'CARMONA ARRIETA', '73230197'),
(2175, 'MEISSER VIDAL', 'MADERA ANAYA', '1143325884'),
(2176, 'PAOLA ROCIO', 'HERRERA DIAZ', '45512095'),
(2177, 'FRANSISCO JOSE', 'SALCEDO RAMOS', '73102778'),
(2178, 'JOSE CARLOS', 'POSADA VIANA', '9132055'),
(2179, 'BETTY BARRERA', 'PADILLA DE LA BARRERA', '33146330'),
(2180, 'ERICK GUSTAVO', 'ALVAREZ PEREIRA', '9092087'),
(2181, 'JAVIER ALEJANDRO', 'MOUTHON BELLO', '73126331'),
(2182, 'JOSE ANGEL', 'VILLALBA HERNANDEZ', '17844984'),
(2183, 'JAVIER DE JESUS', 'PINZON REDONDO', '9088182'),
(2184, 'MARTHA CECILIA', 'ROJAS LOPEZ', '21394517'),
(2185, 'MARIA OFELIA', 'VASQUEZ AVILA', '51625512'),
(2186, 'REMBERTO DE JESUS', 'NAVAS MORENO', '73168853'),
(2187, 'DACIA ISABEL', 'MALAMBO GARCIA', '41680459'),
(2188, 'EMIL ', 'JULIO BARRIOS', '73072983'),
(2189, 'SALVADOR ', 'INSIGNARES ORDOÑEZ', '73098164'),
(2190, 'JOSE ALDEMAR', 'PEREZ OLIVARES', '73240400'),
(2191, 'BORIS GABRIEL', 'JOHNSON RESTREPO', '6886874'),
(2192, 'ALEJANDRA ', 'BELLO GUERRERO', '45512994'),
(2193, 'EDILBERT ENRIQUE', 'TORREGROZA FUENTES', '72143109'),
(2194, 'GERMAN ALBERTO', 'BETANCUR MORALES', '3806165'),
(2195, 'THELMA ', 'DEL CASTILLO DE SALAZAR', '33125274'),
(2196, 'LEONARDO FABIO', 'PELUFFO CORONADO', '8834657'),
(2197, 'ALEJANDRO ', 'BARRIOS MARTINEZ', '73094330'),
(2198, 'WILSON ', 'MALDONADO ROJAS', '73180695'),
(2199, 'KARINA ', 'CASTRO POMARES', '1047381799'),
(2200, 'ENRIQUE ', 'FELIZ PEREZ', '17075536'),
(2201, 'VLADIMIR ', 'CABALLERO RANGEL', '73158652'),
(2202, 'WALTER ENRIQUE', 'ORTEGA JIMENEZ', '73160069'),
(2203, 'MARIA CECILIA', 'GARCIA ESPIÑEIRA', '45490717'),
(2204, 'MARIA TERESA', 'ACEVEDO MORANTES', '63461924'),
(2205, 'BLANCA FLOR', 'ORTIZ DE ROVIRA', '33117279'),
(2206, 'VILMA ', 'MERCADO VELEZ', '22762042'),
(2207, 'YESENIA ESTHER', 'URANGO MARZOLA', '30685774'),
(2208, 'VICTOR MANUEL', 'VERGARA CARDONA', '70287055'),
(2209, 'LILIA REGINA', 'ROMERO DIAZ', '33337995'),
(2210, 'MELISSA YULIETH', 'MORANTE HERNANDEZ', '1143376681'),
(2211, 'CANDELARIA NAHIR', 'TEJADA TOVAR', '63343631'),
(2212, 'JOSE DE LOS SANTOS', 'MARRUGO PEREZ', '73353464'),
(2213, 'MARIA DEL SOCORRO', 'ACOSTA FERNANDEZ', '45426341'),
(2214, 'MABEL SUREYA', 'PEREZ PELUFO', '30776000'),
(2215, 'ALBERTO JOSE', 'MONTALVO PRIETO', '6818803'),
(2216, 'GONZALO ', 'URBINA OSPINO', '3901317'),
(2217, 'LUIS CARLOS', 'GOMEZ ARREGOCES', '12526441'),
(2218, 'JOSE MARIA', 'BUSTILLO ARRIETA', '9092321'),
(2219, 'MARIS DEL SOCORRO', 'VELEZ HERNANDEZ', '30650304'),
(2220, 'HERNANDO JOSE', 'COBA BARRIOS', '72132928'),
(2221, 'ROBERTO ANTONIO', 'ELJAIEK GARCIA', '9062178'),
(2222, 'GABRIEL ', 'VIVANCO GONZALEZ', '73140577'),
(2223, 'DONALDO LUIS', 'PORTO VERA', '9126535'),
(2224, 'LILIANA MARIA', 'DURANGO LLORENTE', '50976855'),
(2225, 'ALEXANDER ', 'BENAVIDEZ ACUÑA', '9196646'),
(2226, 'LUIS EDUARDO', 'MENDOZA GOEZ', '73083025'),
(2227, 'MARLENE ', 'DURAN LENGUA', '26723323'),
(2228, 'JUAN ', 'FUENTES CAMPO', '6806649'),
(2229, 'SALVADOR ', 'JIMENEZ PEINADO', '73161117'),
(2230, 'MILAGRO DE JESUS', 'PEREZ PEREZ', '32940955'),
(2231, 'GABRIEL RODOLFO', 'NAVAS SUAREZ', '79470953'),
(2232, 'NATACHA ', 'MORILLO DE RODRIGUEZ', '22774971'),
(2233, 'BETTY DEL ROSARIO', 'OVIEDO DE DE LA CRUZ', '33151196'),
(2234, 'EDUARDO JOSE', 'LOPEZ PONTON', '12530415'),
(2235, 'CARLOS VICENTE', 'RAMIREZ MOLINARES', '11300201'),
(2236, 'ARGEMIRO ', 'MENCO MENDOZA', '9065335'),
(2237, 'NAUDEL MARIA', 'ALMARIO SAEZ', '50851957'),
(2238, 'NESTOR ', 'REYES SUAREZ', '6875997'),
(2239, 'EUCLIDES ', 'DE LAS AGUAS VILLA', '9237175'),
(2240, 'MIRIAM ', 'GONZALEZ PEREZ', '289693'),
(2241, 'CARMEN ANA', 'ORTIZ ATENCIO', '22782326'),
(2242, 'GLICENIA MABEL', 'PASTRANA BENEDETTI', '34994873'),
(2243, 'RAFAEL ENRIQUE', 'ACEVEDO PUELLO', '73202988'),
(2244, 'MARIA JOSE', 'HERRERA TROCHA', '1143325813'),
(2245, 'ARNOLDO ', 'BERROCAL OLAVE', '3798367'),
(2246, 'JESUS ', 'ALVAREZ RODRIGUEZ', '5538050'),
(2247, 'JORGE LUIS', 'ANAYA GIL', '73196862'),
(2248, 'OSWALDO ENRIQUE', 'ORTIZ COLON', '19456687'),
(2249, 'JOSE ', 'MACIA MOSCOTE', '888624'),
(2250, 'JORGE LUIS', 'ALVAREZ CARRASCAL', '8720021'),
(2251, 'HENRY ', 'PALACIO BROCHERO', '1137195428'),
(2252, 'CARLOS MANUEL', 'ESPITALETA PEREZ', '2714553'),
(2253, 'ANTONIO MARIA', 'ROMERO CABARCAS', '73112178'),
(2254, 'ORLANDO ', 'ALVEAR TRISTANCHO', '77025605'),
(2255, 'ALEXANDER JESUS', 'DEL VALLE MARTINEZ', '1143326512'),
(2256, 'ANA MARIA', 'BELLO TRUJILLO', '45496346'),
(2257, 'ANA MAGNOLIA', 'MARIN RAMIREZ', '31948116'),
(2258, 'CARLA DEL CARMEN', 'DE AVILA ALTAMIRANDA', '45501505'),
(2259, 'ROCIO ANGELICA', 'PADILLA PRESTON', '57426164'),
(2260, 'HUMBERTO ', 'PADILLA PUELLO', '7882443'),
(2261, 'GUSTAVO ADOLFO', 'CHICA GELIZ', '73180877'),
(2262, 'MARTIN DAVID', 'LONDOÑO HERRERA', '73097489'),
(2263, 'JOSE DEL CARMEN', 'HERNANDEZ CARDONA', '73140803'),
(2264, 'JUAN NICOLAS', 'PEREZ VERGARA', '9085267'),
(2265, 'CESAR ', 'REDONDO BERMUDEZ', '73092823'),
(2266, 'EDWAR ', 'RAMIREZ CONEO', '73152910'),
(2267, 'FREDY ENRIQUE', 'GOMEZ IZQUIERDO', '9094671'),
(2268, 'KENNETH ', 'MORENO MAY', '9098322'),
(2269, 'ALVARO ', 'ALVAREZ CONEO', '9074682'),
(2270, 'ELENA DEL CARMEN', 'LEPESQUEUR GOSSAIN', '45420331'),
(2271, 'ADOLFREDO ', 'PEÑA CARRILLO', '8631157'),
(2272, 'AMELIA DEL CARMEN', 'VARGAS MORENO', '33145610'),
(2273, 'JORGE EMIRO', 'TOUS POMARES', '9059395'),
(2274, 'CARLOS ', 'GARCIA DEL RIO', '73085571'),
(2275, 'ELIZABETH ', 'ROMERO MASSA', '33153317'),
(2276, 'JULIAN JAVIER', 'MARTINEZ ZAMBRANO', '73159444'),
(2277, 'GUSTAVO ADOLFO', 'VELASCO GONZALEZ', '73192613'),
(2278, 'ESPERANZA ', 'MORELOS GOMEZ', '45430509'),
(2279, 'INNA ELIDA DEL ROSARIO', 'FLOREZ TORRES', '45484046'),
(2280, 'DIOGENES MANUEL', 'GONZALEZ GONZALEZ', '92185519'),
(2281, 'LAZARO ', 'VALDELAMAR SARABIA', '73152380'),
(2282, 'YESID ALEJANDRO', 'MARRUGO LIGARDO', '9201597'),
(2283, 'ALBERTO ENRIQUE', 'PUENTE CAMACHO', '876831'),
(2284, 'ANA ', 'POMBO GALLARDO', '33155599'),
(2285, 'GABRIEL DE JESUS', 'TORRES GOMEZ', '77014950'),
(2286, 'DAVID GREGORIO', 'CORCHO LICONA', '73157622'),
(2287, 'OMAR ', 'FREITAS ARELLANOS', '73100889'),
(2288, 'PABLA VICENTA', 'TORRES ORTEGA', '33282768'),
(2289, 'SHIRLEY MARIA', 'ESCALANTE DIAZ', '22999980'),
(2290, 'LEWIS ALEXANDRA', 'LEON BAÑOS', '30878129'),
(2291, 'ROSMERY ', 'CANABAL MESTRE', '52714215'),
(2292, 'RAQUEL ', 'LEOTTAU DIAZ', '45499320'),
(2293, 'MARIA AUXILIADORA', 'MAJANA DE ARAUJO', '33118045'),
(2294, 'RAFAEL ANGEL', 'NIEBLES ROMERO', '9057658'),
(2295, 'EDGAR ', 'QUIÑONES BOLAÑOS', '9142753'),
(2296, 'GERMAN ', 'VIBANCO CASTRO', '9140154'),
(2297, 'GABRIEL ', 'ACEVEDO DEL RIO', '9077429'),
(2298, 'JESUS ELIAS', 'BLANQUICET TORRALVO', '73093137'),
(2299, 'JOSE DE JESUS', 'OROZCO ARIZA', '7958274'),
(2300, 'NANCY ', 'BOLAÑO NAVARRO', '36529540'),
(2301, 'AMAURY ', 'JIMENEZ MARTINEZ', '73075945'),
(2302, 'VIDA ROCIO DE LOS ANGELES', 'SABBAGH DE DIAZ', '33115914'),
(2303, 'MICAELA DEL CARMEN', 'ARRIETA USTA', '50952512'),
(2304, 'JONATHAN ', 'BERTHEL CASTRO', '73203899'),
(2305, 'TARQUINIO ', 'OSORIO RICO', '9063135'),
(2306, 'FREDY DAVID', 'AVILA DOMINGUEZ', '92031540'),
(2307, 'FERNANDO ENRIQUE', 'BARRIOS NUÑEZ', '73227631'),
(2308, 'EDGARD ', 'MARIN TAMARA', '73140194'),
(2309, 'ROSARIO DE LOURDES', 'BENEDETTI DE CHARRIS', '33151841'),
(2310, 'GLORIA ', 'BONILLA VELEZ', '21729408'),
(2311, 'FERNANDO ', 'VELASQUEZ COWAN', '3783086'),
(2312, 'PATRICIA ISABEL', 'GARCES DEL CASTILLO', '45507232'),
(2313, 'NELSON RAFAEL', 'ALVIS GUZMAN', '9171720'),
(2314, 'ADEL ALFONSO', 'MARTINEZ MARTINEZ', '73163244'),
(2315, 'MARTHA BEATRIZ', 'ARROYO GONZALEZ', '45503357'),
(2316, 'CARMIÑA ', 'BARRIOS VARGAS', '45424485'),
(2317, 'JAVIER ', 'MARRUGO CANO', '73097989'),
(2318, 'RIDER RENE', 'BENITEZ HERNANDEZ', '9139768'),
(2319, 'WILLIAM ', 'MALKUN CASTILLEJO', '85470212'),
(2320, 'WILLIAM ', 'VILLA PERERIRA', '73130348'),
(2321, 'SONIA DEL ROSARIO', 'BURGOS CANTOR', '33129970'),
(2322, 'NELSON EDUARDO', 'COTTIZ MONTOYA', '8852205'),
(2323, 'DARLIN DE LAS MERCEDES', 'MIRANDA URIBE', '45471159'),
(2324, 'OLGA CECILIA', 'HERRERA DE DAZA', '33114382'),
(2325, 'JENNY DEL SOCORRO', 'GOMEZ BERNETT', '45480655'),
(2326, 'NIRVA DEL SOCORRO', 'CABARCAS ORTEGA', '45450553'),
(2327, 'LUIS ALFONSO', 'SIERRA LEGUIA', '1104374903'),
(2328, 'ROSARIO ', 'BLANCO BELLO', '1047382607'),
(2329, 'CARLOS ARTURO', 'INFANTE BELTRAN', '9078317'),
(2330, 'ZOAHAMY JUDITH', 'ARDILA RAMOS', '1067281550'),
(2331, 'ISIS DEL ROSARIO', 'BUELVAS DE LEON', '34973304'),
(2332, 'RODRIGO ALFREDO', 'BLANCO CARDOZO', '11253866'),
(2333, 'ARNULFO ANTONIO', 'TARON DUNOYER', '73154408'),
(2334, 'PEDRO JAVIER', 'MEZA CASTELLAR', '9178136'),
(2335, 'DENNIS ', 'MARRUGO TORRENTE', '45457546'),
(2336, 'DORIS MERCEDES', 'ORTEGA GALINDO', '45493045'),
(2337, 'LUIS MODESTO', 'POLO MERCADO', '4035357'),
(2338, 'JOSE DAVID', 'PATIÑO MONCADA', '91246206'),
(2339, 'RAMON EDGARDO', 'BAÑOS GONZALEZ-RUBIO', '9064302'),
(2340, 'JESUS MARIA', 'ORTIZ CANTILLO', '8677480'),
(2341, 'WILDER IGNACIO', 'AGUIRRE GONZALEZ', '73158442'),
(2342, 'GEZIRA ', 'DE AVILA MONTIEL', '43018568'),
(2343, 'VIRGILIO JOSE', 'ESCAMILLA ARRIETA', '73082650'),
(2344, 'MAXIMILIANO ', 'CEBALLOS CEBALLOS', '9074807'),
(2345, 'AMELIA ', 'SEGRERA LOPEZ', '45431761'),
(2346, 'VICTOR MANUEL', 'ZARCO ROMAN', '73085773'),
(2347, 'RAUL ENRIQUE', 'PUELLO ARRIETA', '7920607'),
(2348, 'LEONARDO ', 'CORTINA JARAMILLO', '73196566'),
(2349, 'MILCIADES MANUEL', 'MARTINEZ HERNANDEZ', '78024506'),
(2350, 'JUAN SEBASTIAN', 'OCHOA DIAZ', '1143328397'),
(2351, 'ALFONSO ', 'BARRIOS BERMUDEZ', '73132670'),
(2352, 'JESUS EFREN', 'ORTIZ MONTAÑEZ', '79465063'),
(2353, 'XENIA MARIA', 'MARTELO BURGOS', '25869673'),
(2354, 'BRUNILDA ', 'CASTELLANOS PEREZ', '28297793'),
(2355, 'EFRAIN MANUEL', 'CUADRO GUZMAN', '73083302'),
(2356, 'CARLOS ARTURO', 'CAPARROSO LORDUY', '130138'),
(2357, 'FREDY ANTONIO', 'LLAMAS CANO', '73098680'),
(2358, 'DANIELA ', 'GARIBELLO ESQUIVIA', '1047423007'),
(2359, 'ROSA DEL ROSARIO', 'JIMENEZ AHUMADA', '45431329'),
(2360, 'JESUS TADEO', 'OLIVERO VERBEL', '73127729'),
(2361, 'IVAN ENRIQUE', 'PEREZ ACEVEDO', '9062265'),
(2362, 'MIGUEL ANIBAL', 'VILLERA MARTINEZ', '73084019'),
(2363, 'FRANCISCO MIGUEL', 'CAMACHO CHALJUB', '73088424'),
(2364, 'PAOLA ', 'MOUTHON RAMOS', '45498961'),
(2365, 'MYRIAM JOSEFINA', 'MERLANO OLIVER', '33159890'),
(2366, 'ORLANDO MIGUEL', 'CARVAJAL FORTICH', '9070206'),
(2367, 'YESNI ESTHER', 'MARTINEZ OLASCUAGA', '33084931'),
(2368, 'RICARDO ', 'CHICA GELIS', '73127136'),
(2369, 'EDWAR ENRIQUE', 'BUELVAS MENDOZA', '73544955'),
(2370, 'WILSON RAFAEL', 'TORRES BAHAMON', '73546406'),
(2371, 'MIGUEL ANGEL', 'SIMANCAS PALLARES', '1081788598'),
(2372, 'ARMANDO ', 'POMARES HERRERA', '9054229'),
(2373, 'NOELI FLORA', 'DEL GIUDICE DE NOVA', '200347'),
(2374, 'BARBARA JULIA', 'ARROYO SALGADO', '22638669'),
(2375, 'LUIS GABRIEL', 'FUENTES ROSADO', '73571729'),
(2376, 'LAURA PATRICIA', 'VILLANUEVA AREVALO', '1047413517'),
(2377, 'HECTOR OSVALDO', 'VARELA CONTRERAS', '73103033'),
(2378, 'CESAR ANTONIO', 'HERAZO HENRIQUEZ', '70047615'),
(2379, 'RAUL ', 'GUERRERO TORRES', '9073639'),
(2380, 'ALIX ', 'RUIZ ARIZA', '63338733'),
(2381, 'PLINIO PORFIRIO', 'PEÑA VILLAMIL', '7415813'),
(2382, 'RAFAEL ', 'CANTILLO MATOS', '892159'),
(2383, 'DEWIN ', 'PEREZ FUENTES', '73548944'),
(2384, 'FERNANDO III', 'DAZA ILLERA', '6884666'),
(2385, 'CARLOS CESAR', 'CORTES MATTOS', '9081879'),
(2386, 'FREDDY DE JESUS', 'COLPAS CASTILLO', '72140499'),
(2387, 'ANGELICA PATRICIA', 'VERHELST SALAZAR', '45518346'),
(2388, 'EDUARDO RAFAEL', 'MEDINA MARQUEZ', '8724394'),
(2389, 'RANFIS ENRIQUE', 'IBARRA DAVILA', '73236551'),
(2390, 'CAROLINA ASTRID', 'PATERNINA CABALLERO', '45520518'),
(2391, 'LUIS EDUARDO', 'ESPINOSA DIAZ', '73076230'),
(2392, 'YANETH ', 'GARCIA MILANO', '30759729'),
(2393, 'CESAR ', 'HERRERA ZARATE', '9091826'),
(2394, 'ILVER FRANC', 'SERPA AVILA', '3873484'),
(2395, 'ALEXIS ', 'MORENO PATERNINA', '73352441'),
(2396, 'ZORAYA ', 'RODRIGUEZ ESCOBAR', '45451025'),
(2397, 'LAUREANO ALBERTO', 'HOYOS PERNETT', '78699017'),
(2398, 'GERMAN ANTONIO', 'BUELVAS MEDINA', '92191692'),
(2399, 'RAFAEL BERNARDO', 'PADRON BURGOS', '6893611'),
(2400, 'ERMIDES RAFAEL', 'FONTALVO DIAZ', '10776961'),
(2401, 'RICARDO ', 'VIVAS REYES', '6219999'),
(2402, 'ROBERTO CARLOS', 'OROZCO BONILLA', '77185075'),
(2403, 'DAMIT DEL SOCORRO', 'OCHOA ROMERO', '33285756'),
(2404, 'JORGE LUIS', 'GUERRA HERNANDEZ', '15645239'),
(2405, 'ORLANDO RAFAEL', 'ARRIETA DIAZ', '73181924'),
(2406, 'JAIRO ENRIQUE', 'MERCADO CAMARGO', '73150459'),
(2407, 'NADIA DEL SOCORRO', 'MEJIA CORREA', '39165448'),
(2408, 'ADOLFO ENRIQUE', 'CARBAL HERRERA', '9293263'),
(2409, 'ELYMER JOHANA', 'AYOLA MARRUGO', '1143353673'),
(2410, 'LUIS ABIGAIL', 'ALZAMORA TABORDA', '9080577'),
(2411, 'HEIDELBERG ', 'RIVERA DE LA OSSA', '3805841'),
(2412, 'YOLIMA ', 'CARMONA GONZALEZ', '45492982'),
(2413, 'ROBERTO ', 'PALOMINO ROMERO', '9072792'),
(2414, 'ALFONSO RAFAEL', 'MUSKUS VERGARA', '73080304'),
(2415, 'YOLIMA MARLEIBY', 'MANRIQUE ANAYA', '37727613'),
(2416, 'EDUARDO DOMINGO', 'LOPEZ VERGARA', '73142000'),
(2417, 'ARMANDO ', 'ALFARO CAMPO', '882991'),
(2418, 'ANTONIO CARLOS', 'MIRANDA SANCHEZ', '73154549'),
(2419, 'YUNNY DARIO', 'PEREZ PEÑATE', '92496892'),
(2420, 'ANDREA PAOLA', 'GUERRERO GUERRA', '1050953168'),
(2421, 'FERNAN ANDRES', 'TORRES ORTEGA', '9173859'),
(2422, 'EDGARDO ', 'MEZA FUENTES', '9239554'),
(2423, 'EVERGISTO ', 'MARQUEZ BARRERA', '9082001'),
(2424, 'NEREIDA ', 'HUNDELHAUSEN CARRETERO', '39011279'),
(2425, 'SARA BELEN', 'VILLARREAL MARTINEZ', '45439438'),
(2426, 'DEMETRIO ALFONSO', 'BARCHA BARRETO', '73556819'),
(2427, 'AURA ', 'MACHUCA ARGAES', '45452189'),
(2428, 'FRANCISCO DE PAULA', 'BENEDETTI VARGAS', '9072408'),
(2429, 'JUAN CARLOS', 'HERNANDEZ MUÑOZ', '9098284'),
(2430, 'GLORIA ELENA', 'PEREZ TRESPALACIOS', '30771256'),
(2431, 'CIRO CESAR', 'ALVEAR SEDAN', '73070079'),
(2432, 'CAMILO VLADIMIR', 'REY SABOGAL', '7143346'),
(2433, 'CARIDAD ', 'BAENA PLAZAS', '30775732'),
(2434, 'HUMBERTO DAVID', 'PEREZ GONZALEZ', '92554004'),
(2435, 'CARLOS ALBERTO', 'CARMONA LORDUY', '73156481'),
(2436, 'ASDRUBAL ', 'MIRANDA FONTALVO', '9074167'),
(2437, 'ADOLFO MARTIN', 'ARIAS VILLALOBOS', '73154255'),
(2438, 'GUILLERMO ', 'VERGARA SAGBINI', '9092043'),
(2439, 'YERSON ', 'ESPITIA MERCADO', '8834646'),
(2440, 'ANGEL DE JESUS', 'CAMACHO VERGARA', '1048932156'),
(2441, 'DORA DEL SOCORRO', 'PINEREZ DE LA OSSA', '33156245'),
(2442, 'JOSE GABRIEL', 'VELEZ HERNANDEZ', '15021199'),
(2443, 'RODOLFO ', 'URRIOLA CHICO', '891560'),
(2444, 'JUAN NEPOMUCENO', 'QUINTERO GONZALEZ', '6639820'),
(2445, 'JARVIN ENRIQUE', 'SIMANCA DE LA ROSA', '73167337'),
(2446, 'OSCAR ENRIQUE', 'ZUÑIGA FERNANDEZ', '7921644'),
(2447, 'YUDIS JUDITH', 'CONTRERAS MARTINEZ', '25807594'),
(2448, 'YAZMIN YOLANDA', 'PEREIRA GUARDO', '33158086'),
(2449, 'ALIX DEL CARMEN', 'PACHECO TURIZO', '33152237'),
(2450, 'RANDY ', 'ZABALETA MESINO', '1047365210'),
(2451, 'FREDDY ', 'POMARES HERRERA', '9092132'),
(2452, 'WILLIAM ', 'PEÑA DAZA', '8678123'),
(2453, 'FREDDY ANTONIO', 'DIAZ MANGONES', '3788625'),
(2454, 'ROSSANA ', 'LOPEZ SALEME', '45492154'),
(2455, 'KEILA ESTER', 'VALDELAMAR GARCIA', '45516516'),
(2456, 'RUBEN ', 'SABOGAL BARRIOS', '73093247'),
(2457, 'RAFAEL EDUARDO', 'GARCIA CANTILO', '8778921'),
(2458, 'GUILLIAM RAFAEL', 'BARBOZA MIRANDA', '73134262'),
(2459, 'BERNARDO ', 'OROZCO HERRERA', '84027688'),
(2460, 'PAULINA AMIRA', 'RONDON DE DAGER', '22374242'),
(2461, 'DUFAIN ', 'MENDEZ GARCIA', '33202904'),
(2462, 'HUGO ', 'VARGAS RAMIREZ', '162009'),
(2463, 'NESTOR RAFAEL', 'GUERRA MACEA', '15725926'),
(2464, 'ELKIN DAVID', 'MORA ALONSO', '1047405231'),
(2465, 'VICTOR MANUEL', 'BELTRAN NAVARRO', '9292385'),
(2466, 'ZULEIMA ', 'COGOLLO MILANES', '45474831'),
(2467, 'LIRIS DEL CARMEN', 'MUNERA CAVADIAS', '45449842'),
(2468, 'MARIA DE LA LUZ', 'MANGONES BURGOS', '25949471'),
(2469, 'MANUEL IGNACIO', 'NERIS OJEDA', '73239379'),
(2470, 'ARLEY ', 'PEREZ GONZALEZ', '73094890'),
(2471, 'CLAUDIA PATRICIA', 'CIFUENTES MONTEALEGRE', '45477173'),
(2472, 'KEREN ', 'BRUNAL RAMOS', '45767153'),
(2473, 'JESUS M.', 'RAMIREZ ZULUAGA', '9088839'),
(2474, 'LUCIBERTO ANDRES', 'HERNANDEZ BAQUERO', '92502559'),
(2475, 'DAVID ', 'MERCADO PEREZ', '9078388'),
(2476, 'CARLOS FERNANDO', 'ACUÑA NARVAEZ', '73151389'),
(2477, 'BENJAMIN ', 'OCHOA BRAVO', '9052848'),
(2478, 'JULIO CESAR', 'ARRIETA PASTRANA', '7547871'),
(2479, 'GERMAN ALFONSO', 'VARGAS ESPINOSA', '73131174'),
(2480, 'SAMUEL ', 'CANTILLO VILLAR', '3771176'),
(2481, 'LUIS E.', 'GUZMAN CARRILLO', '19142276'),
(2482, 'EDGAR ', 'LUGO CALDERON', '285809'),
(2483, 'MIGUEL ENRIQUE', 'CAMACHO MANJARREZ', '73158403'),
(2484, 'ALVARO ANTONIO', 'MIRANDA PADILLA', '9048419'),
(2485, 'ENRIQUE ALFONSO', 'OCHOA DE ARCO', '73104856'),
(2486, 'NIDIA ESTHER', 'OROZCO CAMACHO', '45531903'),
(2487, 'MARTA ALICIA', 'YANEZ CONTRERAS', '64556696'),
(2488, 'MILTON DARIO', 'GARCIA BARBOZA', '73070656'),
(2489, 'NELIA ', 'GARCIA FLOREZ', '45475371'),
(2490, 'LUZ MAYDA', 'LUNA RICARDO', '30561364'),
(2491, 'MARCO ANTONIO', 'SOTO BERROCAL', '73574213'),
(2492, 'LILIAN MILENA', 'BARANDICA CAÑON', '31942320'),
(2493, 'TOMAS SEGUNDO', 'SUAREZ PEREZ', '11151384'),
(2494, 'HEIDY JHOJANA', 'CORRALES SALEN', '45524675'),
(2495, 'NANCY ', 'MONROY DE ESPINOSA', '33133655'),
(2496, 'VANESSA DEL PILAR', 'NIÑO DE VILLEROS', '45511737'),
(2497, 'KATHERINE ', 'CARVAJAL CABRALES', '22805944'),
(2498, 'DAVID ALFONSO', 'BERMUDEZ SAGRE', '73089747'),
(2499, 'JAVIER ', 'MASSON LEZAMA', '73241325'),
(2500, 'GENALDO RAFAEL', 'RIOS SIERRA', '73548496'),
(2501, 'MAYRA ', 'CARDENAS CASTELLANOS', '45470316'),
(2502, 'BENJAMIN ANTONIO', 'SALAS VILLADIEGO', '73124586'),
(2503, 'INGRID DEL CARMEN', 'BLANCO HERNANDEZ', '45453613'),
(2504, 'RAFAEL ENRIQUE', 'MESTRE YUNEZ', '3793803'),
(2505, 'PEDRO JOSE', 'MACIA HERNANDEZ', '9080692'),
(2506, 'SHYRLEY ', 'DIAZ CARDENAS', '45761923'),
(2507, 'VICTOR MANUEL', 'VALDEZ GOMEZ', '15032120'),
(2508, 'JUAN EVANGELISTA', 'ROCA BUSTAMANTE', '5554207'),
(2509, 'WILFRIDO ', 'CORONELL RODRIGUEZ', '73121778'),
(2510, 'RAUL ', 'CASTRO CABARCAS', '9082226'),
(2511, 'PAOLA INES', 'SUAREZ ALVAREZ', '45509778'),
(2512, 'LUIS JERONIMO', 'ESPINOSA HAECKERMAN', '73076501'),
(2513, 'IVAN BENJAMIN', 'BARRAZA VILLA', '9071561'),
(2514, 'MARCO ANTONIO', 'MUÑIZ MARTINEZ', '73139945'),
(2515, 'SOLEY ', 'RESTREPO DE MORA', '22757327'),
(2516, 'ARQUIMEDES ', 'LAFONT HERRERA', '9045656'),
(2517, 'RAMON ', 'ANDRADE CASTILLO', '9066389'),
(2518, 'ESCILDA ', 'BENAVIDES BENITEZ', '45424469'),
(2519, 'ELMER DE JESUS', 'FAJARDO OSPINA', '73100549'),
(2520, 'ALVARO DE JESUS', 'GORDON ATENCIO', '9141978'),
(2521, 'LEONOR ', 'PEREZ DE BETANCOURT', '22753822'),
(2522, 'WINSTON ALFREDO', 'MORALES CHAVARRO', '12137955'),
(2523, 'CARLOS ARTURO', 'ORTIZ SAAVEDRA', '8702216'),
(2524, 'FREDIS ', 'AGAMEZ GONZALEZ', '9289600'),
(2525, 'LUZ DEL CARMEN', 'HERNANDEZ BONFANTE', '45453521'),
(2526, 'ELOY MANUEL', 'RAMIREZ ALVAREZ', '893577'),
(2527, 'RUBY ', 'HERRERA HERRERA', '45426879'),
(2528, 'HERNANDO ', 'SARA CASTILLO', '800792'),
(2529, 'RODRIGO ', 'BUELVAS ACOSTA', '9067928'),
(2530, 'HECTOR IVAN', 'MATTAR GAITAN', '73111734'),
(2531, 'JORGE LUIS', 'LLAMAS CHAVEZ', '73100494'),
(2532, 'MONICA MARIA', 'DE LA VALLE ARCHIBOLD', '45510329'),
(2533, 'ANASTASIA DE JESUS', 'GONZALEZ BARRERA', '45490943'),
(2534, 'RAFAEL IGNACIO', 'GOMEZ ROCHA', '73121717'),
(2535, 'LEIDY LAURA', 'CASTELLON SIMANCA', '1128052399'),
(2536, 'JOSEFINA ', 'QUINTERO LYONS', '33156179'),
(2537, 'JOSEFINA DEL CARMEN', 'ZAKZUK SIERRA', '1128050378'),
(2538, 'JOSE BELISARIO', 'SOLANA TINOCO', '73078302'),
(2539, 'GUSTAVO ENRIQUE', 'MATSON CARBALLO', '73111072'),
(2540, 'MARIA PATRICIA', 'PORRAS MENDOZA', '64561657'),
(2541, 'JORGE ANTONIO', 'PEREZ BENAVIDES', '73569933'),
(2542, 'ROSA MERCEDES', 'BALDIRIS AVILA', '45755270'),
(2543, 'VLADIMIR ', 'URUETA LEON', '73579678'),
(2544, 'ANTONIO ', 'LAITANO LEAL', '73125965'),
(2545, 'GUILLERMO ', 'GONZALEZ VIDES', '73081842'),
(2546, 'ANDRES CAMILO', 'BUJ LOPEZ', '1143345327'),
(2547, 'CRISTINA ', 'DIAZ NIETO', '32417498'),
(2548, 'FEDERICO VICTOR', 'RODRIGUEZ VARGAS', '73076259'),
(2549, 'RUPERTO SEGUNDO', 'EALO FLOREZ', '9061573'),
(2550, 'WILFRIDO ', 'CARDONA URUETA', '73095967'),
(2551, 'CAMILO ', 'ROJAS CORTINA', '19489385'),
(2552, 'DENILES DEL CARMEN', 'DE ARCO ROSANO', '45422323'),
(2553, 'DAMARIS ', 'MENDOZA HINOJOSA', '32795414'),
(2554, 'PLINIO ', 'PUELLO MARRUGO', '73156353'),
(2555, 'TANIA CECILIA', 'LAMBRAÑO TORRES', '45523526'),
(2556, 'STELLA JOSEFINA', 'PUPO MARRUGO', '45444298'),
(2557, 'ORLANDO ', 'PINEDO BRID', '3794043'),
(2558, 'ZAYDA ', 'ARDILA CARRILLO', '63330479'),
(2559, 'EMIRO ', 'VANEGAS ORTIZ', '883659'),
(2560, 'MANUEL ENRIQUE', 'GUZMAN SUAREZ', '73135562'),
(2561, 'MARIA PAULINA', 'CABARCAS MONTALVO', '45542427'),
(2562, 'ZULAY MARIA', 'RODRIGUEZ BERMUDEZ', '45480742'),
(2563, 'HERNANDO ', 'TAYLOR SAENZ', '9067761'),
(2564, 'RICARDO DAVID', 'GALEZO ARANGO', '12400440'),
(2565, 'LACIDES ', 'AGAMEZ MOLINA', '9084207'),
(2566, 'MARTIN ', 'INDABURO ALVAREZ', '79673722'),
(2567, 'LUIS REYNALDO', 'ALVIS ESTRADA', '3806260'),
(2568, 'DANIEL ', 'VERGARA PATERNINA', '3793249'),
(2569, 'ROSANA MARGARITA', 'GONZALEZ BAENA', '45563038'),
(2570, 'ROBERTO ALFONSO', 'LEAL GARCIA', '73544198'),
(2571, 'EDUARDO ', 'COVO MORALES', '73126134'),
(2572, 'ANA DEL CARMEN', 'LUNA SERPA', '33134556'),
(2573, 'TULIA DEL CARMEN', 'BARROZO OSORIO', '45447978'),
(2574, 'EDIL ', 'MELO JAIMES', '5092595'),
(2575, 'CLARET ', 'BERMUDEZ CORONEL', '9076706'),
(2576, 'AIDA LUZ', 'NAJERA DE FALLA', '22991500'),
(2577, 'NESTOR DAVID', 'OSORIO MORENO', '73167449'),
(2578, 'SILVIA REGINA', 'LOZANO CASTRO', '35466297'),
(2579, 'JISETH ', 'RAMIREZ GARCIA', '30767283'),
(2580, 'MARTHA LIGIA', 'LAGUNA HERRERA', '45577574'),
(2581, 'LUISA ', 'AREVALO TOVAR', '45443011'),
(2582, 'LINA MARIA', 'GRANADOS VERGARA', '64560748'),
(2583, 'CLAUDIA MILENA', 'BAENA ARISTIZABAL', '52396796'),
(2584, 'ALVARO ANDRES', 'ESCOBAR ESPINOZA', '331761'),
(2585, 'JUAN DE JESUS', 'PAUTT RAMIREZ', '9069070'),
(2586, 'ADRIANA MARGARITA', 'PORRAS LOBOS', '1047368263'),
(2587, 'BERTA ALCIRA', 'ACEVEDO DE CORTINA', '33130739'),
(2588, 'DAVID ALEJANDRO', 'LUJAN PARDO', '3805731'),
(2589, 'BENICIO RAFAEL', 'SANCHEZ CABARCAS', '9054829'),
(2590, 'VANINA ESTHER', 'MOADIE ORTEGA', '33332684'),
(2591, 'LAURA PAOLA', 'CASTILLO TOVAR', '22804860'),
(2592, 'PEDRO ', 'CAÑATE CAÑATE', '8673720'),
(2593, 'CRISTIAN ', 'GONZALEZ VALERO', '1557041'),
(2594, 'HENRY DE JESUS', 'BOLIVAR MANZANO', '16721836'),
(2595, 'GABRIEL ', 'ROMERO VILLALBA', '19089479'),
(2596, 'MADELINE MARGOTH', 'BELTRAN GUARDO', '30763233'),
(2597, 'LUIS ALBERTO', 'LOPEZ MACIAS', '73120247'),
(2598, 'GERMAN ', 'MEJIA DAJER', '73118690'),
(2599, 'TERESITA DE LAS MERCEDES', 'ESPINOSA RODRIGUEZ', '45465498'),
(2600, 'YANINA ROSA', 'ARRIETA LEOTTAU', '1047380066'),
(2601, 'ELFA LUZ', 'MEJIA MERCADO', '45474493'),
(2602, 'HAROLD ALBERTO', 'GOMEZ ESTRADA', '73147606'),
(2603, 'LISBET XIOMARA', 'SALGUEDO GOMEZ', '45504950'),
(2604, 'JAIRO ', 'ALVAREZ JIMENEZ', '73238731'),
(2605, 'AROLDO ', 'MEDRANO LOZANO', '73100848'),
(2606, 'KATIA DEL PILAR', 'OVIEDO TORRES', '32936135'),
(2607, 'MARLLORY ', 'MOUKARZEL CONTRERAS', '1143343786'),
(2608, 'ANDRES ANTONIO', 'ALARCON LORA', '73107475'),
(2609, 'JONATHAN CLARETT', 'BERMUDEZ CARVAJAL', '8851199'),
(2610, 'JAIRO JOSE', 'ALVIS ALY', '9082377'),
(2611, 'RAFAEL JOSE', 'PEREIRA PEREZ', '73133732'),
(2612, 'FANNY ELVIRA', 'LINCE VIDES', '45437308'),
(2613, 'LORENZO ', 'FUENTES BERRIO', '73110802'),
(2614, 'ELBA RUTH', 'JIMENEZ SIERRA', '45440865'),
(2615, 'EDUARDO ', 'ORDOSGOITIA OSORIO', '9081835'),
(2616, 'JUAN RICARDO', 'URREGO ALVAREZ', '73211946'),
(2617, 'JOSE TRINIDAD', 'POLO ACUÑA', '8768243'),
(2618, 'JAISIR ALBERTO', 'MARIMON MATURANA', '7920445'),
(2619, 'GRACE MARIA', 'PUENTE LOPEZ', '45447622'),
(2620, 'LINA PAOLA', 'GIRALDO BOTERO', '1143378585'),
(2621, 'DIANA MERCEDES', 'LOZANO LEON', '1047397690'),
(2622, 'SOFANOR MANUEL', 'CAMPO SANCHEZ', '3790076'),
(2623, 'MANUELA ELENA', 'BERROCAL REVUELTAS', '34965611'),
(2624, 'RONALD ALFONSO', 'PEREZ MORALES', '3876467'),
(2625, 'MILADYS ESTHER', 'TORRENEGRA ALARCON', '45506760'),
(2626, 'ALEXANDER ', 'PEREZ ALVAREZ', '98564577'),
(2627, 'SHIRLEY ', 'CAVADIA PUELLO', '45755379'),
(2628, 'CARLOS ', 'VILLADIEGO FERNANDEZ', '3784943'),
(2629, 'BENJAMIN ', 'ACEVEDO CORREA', '73144363'),
(2630, 'LUZ ELENA', 'CORONADO MARTINEZ', '45513307'),
(2631, 'OMAR MANUEL', 'BARRIOS GUZMAN', '7930606'),
(2632, 'ERIKA ', 'RODRIGUEZ CAVALLO', '45501005'),
(2633, 'HAROLDO ', 'LOCARNO FIGUEROA', '9069482'),
(2634, 'GUILLERMO ', 'VERGARA LOPEZ', '890310'),
(2635, 'LUIS FERNANDO', 'SANJUAN MUÑOZ', '73148867'),
(2636, 'GUSTAVO ', 'UTRIA AVENDAÑO', '19228686'),
(2637, 'DONALDO DE JESUS', 'BARRETO NUÑEZ', '9087665'),
(2638, 'JOHN JAIRO', 'DEL TORO MARTINEZ', '73007214'),
(2639, 'GABRIEL ANTONIO', 'ALCALÁ BALLESTEROS', '1047443529'),
(2640, 'JOSE ANGEL', 'VILLANUEVA LLERENA', '1128050140'),
(2641, 'EDUARDO ', 'FERNANDEZ DAZA', '73082988'),
(2642, 'ADRIANO AGATON', 'DIAZ GOMEZ', '92255978'),
(2643, 'ICELA PAOLA', 'LOPEZ HERNANDEZ', '1064985805'),
(2644, 'MANUEL DE JESUS', 'ELJAIEK GARCIA', '9081385'),
(2645, 'AMAURY ', 'CABARCAS ALVAREZ', '73578662'),
(2646, 'JULIA ISABEL', 'DURAN RIVERA', '45433154'),
(2647, 'ANA BERTILDA', 'CRUZ DE PINEDO', '33123643'),
(2648, 'MARUJA ', 'VEGA DE CASADO', '33129951'),
(2649, 'SANDRA BERNARDA', 'GUTIERREZ MEZA', '33286022'),
(2650, 'HERNANDO ', 'VEGA COGOLLO', '73111999'),
(2651, 'ANA DEL CARMEN', 'ACOSTA LOPEZ', '45427337'),
(2652, 'DIEGO LUIS', 'COTTA ARRIOLA', '9088902'),
(2653, 'ADRIAN ALBERTO', 'ALARIO ROJAS', '12603285'),
(2654, 'IVAN ROY', 'BARRIOS LOPEZ', '7454017'),
(2655, 'GUIOMAR MARIA', 'HERNANDEZ ALVAREZ', '45455882'),
(2656, 'JAISON ', 'ACUÑA REINADO', '9266139'),
(2657, 'ROSA ELVIRA', 'DIAZ VELASQUEZ', '32712342'),
(2658, 'INGRID DEL ROSARIO', 'FORTICH HERRERA', '45464289'),
(2659, 'GLORIA CORNELIA', 'GIAMMARIA DE OSORIO', '33149612'),
(2660, 'VILMA LEYDES', 'SOLANO BARBOZA', '33136949'),
(2661, 'NANCY ', 'LEON MARRUGO', '33149209'),
(2662, 'GLORIA DEL CARMEN', 'BERDUGO FIGUEROA', '22368516'),
(2663, 'FRANCISCO ANTONIO', 'MENDEZ LAMBRANO', '9061550'),
(2664, 'LUIS EDUARDO', 'CORTES RODRIGUEZ', '12970881'),
(2665, 'ANGEL JAVIER', 'CASIJ REY', '73106461'),
(2666, 'VIRNA MARIA', 'CARABALLO OSORIO', '45505029'),
(2667, 'PAULO CESAR', 'TEHERAN VASQUEZ', '73551025'),
(2668, 'ARTURO RAFAEL', 'CARBALLO HERRERA', '7883954'),
(2669, 'FRANCISCO ', 'HERRERA SAENZ', '73079632'),
(2670, 'ALONSO J.', 'MARRUGO GONZALEZ', '9283135'),
(2671, 'ALVARO ERNESTO', 'GARI VELEZ', '9052388'),
(2672, 'JAIRO ARTURO', 'BERROCAL RIVAS', '73092644'),
(2673, 'OSCAR MANUEL', 'ARIZA OROZCO', '70061623'),
(2674, 'MARTHA ', 'OSORIO LAMBIS', '45448934'),
(2675, 'DORIS PATRICIA', 'FAGUA RINCON', '52055678'),
(2676, 'CARLOTA ELISA', 'VERBEL ARIZA', '33121934'),
(2677, 'KARINA PAOLA', 'GUERRERO MARTINEZ', '1143359066'),
(2678, 'CARMEN EDITH', 'ESCALLON GONGORA', '33159809'),
(2679, 'CRISTIAN DE JESUS', 'GARCIA CARDENAS', '73570132'),
(2680, 'HECTOR JOSE', 'CABARCAS URRIOLA', '9291907'),
(2681, 'ANA MARÍA', 'SALCEDO VARGAS', '45760195'),
(2682, 'GASPAR EDUARDO', 'PALACIO MENDOZA', '9153493'),
(2683, 'LEOBARDO ', 'ROCHA ROMAN', '73083538'),
(2684, 'ROCIO DEL CARMEN', 'RUIZ QUINTERO', '45432824'),
(2685, 'PEDRO ', 'JULIO MERCADO', '2444312'),
(2686, 'SIRLY MARIA', 'MUÑIZ RAMOS', '45502850'),
(2687, 'JOAQUIN GUILLERMO', 'PUELLO PAYARES', '73201754'),
(2688, 'JAIME JUAN', 'MARTINEZ VILLA', '73112223'),
(2689, 'CECILIA ', 'ALVAREZ DEL CASTILLO', '33122011'),
(2690, 'CRUZ MARY', 'RUEDA OSORIO', '45495985'),
(2691, 'MARIA AUXILIADORA', 'VITOLA REINO', '33149890'),
(2692, 'JACOBO IVAN', 'RAMOS MANOTAS', '6876342'),
(2693, 'MANUEL ANTONIO', 'GONZALEZ BLANCO', '3786101'),
(2694, 'MILENA SOFIA', 'VILLAFAÑE ORTEGA', '45767699'),
(2695, 'SANDRA MILENA', 'CORONADO RIOS', '41952854'),
(2696, 'LESLY PATRICIA', 'TEJEDA BENITEZ', '45496416'),
(2697, 'YHONATAN ', 'PARDO VALENZUELA', '73203120'),
(2698, 'GLORIA PATRICIA', 'BOTERO JIMENEZ', '45461692'),
(2699, 'ROBINSON ', 'CASTRO AVILA', '9077128'),
(2700, 'OLIVIA ', 'MARRUGO GRICE', '33155143'),
(2701, 'ALFONSO ', 'ARRIETA PASTRANA', '7535023'),
(2702, 'MARTHA CECILIA', 'SOFAN YANES', '45431720'),
(2703, 'EDUARDO LUIS', 'SANCHEZ TUIRAN', '73184248'),
(2704, 'DARIO MANUEL', 'MENDEZ CUADRO', '73145077'),
(2705, 'MARCO ', 'BLANQUICETT CARMONA', '9056842'),
(2706, 'ANTISTIO ANIBAL', 'ALVIZ AMADOR', '1047366028'),
(2707, 'MODESTO ', 'BARRIOS FONTALVO', '73107239'),
(2708, 'KAREN BIBIANA', 'RODRIGUEZ TORRES', '45531227'),
(2709, 'REYNOLDS ', 'RODRIGUEZ MARTINEZ', '9083100'),
(2710, 'JUAN CARLOS', 'CUESTA DIAZ', '73430797'),
(2711, 'ALVARO ANTONIO', 'SALADEN ROA', '73169276'),
(2712, 'MARTHA PATRICIA', 'OYAGA ARMENTA', '51775094'),
(2713, 'CELMIRA ', 'ACEVEDO CORREA', '45514828'),
(2714, 'SONIA DEL SOCORRO', 'MACKENZIE DE JIMENEZ', '33126150'),
(2715, 'MARYURY RUTH', 'VEGA GUTIERREZ', '32937082'),
(2716, 'LIDY ESTHER', 'AGAMEZ GONZALEZ', '45524622'),
(2717, 'DANIEL ', 'VARGAS MORENO', '9084592'),
(2718, 'WILFREDO ESTEBAN', 'VEGA BEDOYA', '73161995'),
(2719, 'TATIANA MILENA', 'CEDRON MARTINEZ', '33334384'),
(2720, 'EDGAR MANUEL', 'PEREZ FLOREZ', '9135789'),
(2721, 'EFREN ', 'LOCARNO FLOREZ', '73105726'),
(2722, 'YASMIN ', 'MOYA VILLA', '45764394'),
(2723, 'RAFAEL ENRIQUE', 'BENEDETTI NAVARRO', '78746303'),
(2724, 'ARLETH SANDRY', 'HERNANDEZ ALVAREZ', '33108098'),
(2725, 'SOFIA MARGARITA', 'MANOTAS PUENTE', '1128047539'),
(2726, 'BIVIAN DEL CARMEN', 'ROBLES ACOSTA', '37549247'),
(2727, 'JOSE GABRIEL', 'BUSTOS LARA', '3790309'),
(2728, 'HELENA JOSEFINA', 'MUSKUS LÓPEZ', '30560507'),
(2729, 'BRIGITTE ', 'FLOREZ GUERRERO', '45509999'),
(2730, 'ALFONSO SEGUNDO', 'GOMEZ MULETT', '9309152'),
(2731, 'PEDRO JOSE', 'GUARDELA VASQUEZ', '9091997'),
(2732, 'JULIAN ENRIQUE', 'HIGUERA BLANCO', '73147672'),
(2733, 'GUILLERMO ELIAS', 'GONZALEZ FARAH', '8311897'),
(2734, 'LIDA PATRICIA', 'BLANQUICETT ANAYA', '45492244'),
(2735, 'RUTH ESTHER', 'GUTIERREZ MEZA', '32906498'),
(2736, 'ADRIANA PATRICIA', 'HERRERA BARROS', '22462001'),
(2737, 'JULIO ADOLFO', 'AMEZQUITA LOPEZ', '73120158'),
(2738, 'JAVIER EMILIO', 'LORA JIMENEZ', '73166963'),
(2739, 'DIANA ', 'LAGO DE VERGARA', '25764770'),
(2740, 'MARIA STELLA', 'JIMENEZ HERNANDEZ', '45428581'),
(2741, 'DIOFANOR ', 'ACEVEDO CORREA', '73153825'),
(2742, 'ARLETH ', 'HERRERA LIAN', '45435969'),
(2743, 'FRANCISCO JAVIER', 'LAZA MURILLO', '9066572'),
(2744, 'PIEDAD MARGARITA', 'MONTERO CASTILLO', '45765978'),
(2745, 'CARLOS ALBERTO', 'CANCHILA BARRIOS', '73072183'),
(2746, 'DEILO ', 'MARTINEZ MAZA', '73159763'),
(2747, 'PAOLA', 'GRAZIANO ', '767811'),
(2748, 'GINA XIMENA', 'DIAZ PARAMO', '52797576'),
(2749, 'NATHALIE DEL ROSARIO', 'ACEVEDO CABALLERO', '32937368'),
(2750, 'HERNANDO NOLASCO', 'OCHOA GONZALEZ', '13803225'),
(2751, 'ISRAEL ALBERTO', 'TOVIO YEPEZ', '73188802'),
(2752, 'LUIS ALFONSO', 'ARIAS VILORIA', '9113817'),
(2753, 'ALEXIS YANET', 'TORRES DE GUERRA', '33127003'),
(2754, 'JAIME ENRIQUE', 'MORALES DE LEON', '9067597'),
(2755, 'KAREN ', 'RIVERA FERIA', '1047371294'),
(2756, 'EMPERATRIZ ', 'LONDOÑO ALDANA', '22385213'),
(2757, 'ALCIBALDO ', 'MIRANDA HERNANDEZ', '4028441'),
(2758, 'EUSTORGIO ', 'GONZALEZ VARGAS', '6808537'),
(2759, 'YAZMIN CECILIA', 'ABUABARA TURBAY', '33283652'),
(2760, 'ORLANDO ANTONIO', 'FIGUEROA LLERENA', '7882591'),
(2761, 'ADRIANA ', 'BERMUDEZ TOBON', '52617272'),
(2762, 'JUAN GREGORIO', 'CORREA REYES', '73083966'),
(2763, 'ESTELA ', 'MELGUIZO HERRERA', '30772512'),
(2764, 'MILENA PATRICIA', 'NAVARRO GELIZ', '45518678'),
(2765, 'CARLOS ALBERTO', 'BERNAL RODRIGUEZ', '80049977'),
(2766, 'MANUEL ANIBAL', 'ROMERO PRADA', '888022'),
(2767, 'DAVID LEONARDO', 'PEÑA VEGA', '73238196'),
(2768, 'MARTA CATALINA', 'CARVAJAL HERRERA', '45466353'),
(2769, 'TIBERIO JOSE', 'WILCHES RODRIGUEZ', '73092780'),
(2770, 'AMARANTO ', 'DANIELS PUELLO', '9284577'),
(2771, 'RAFAEL ENRIQUE', 'GALEANO ANDRADE', '7375161'),
(2772, 'JAVIER ANTONIO', 'MONTOYA MARTINEZ', '94527774'),
(2773, 'JUAN MANUEL', 'ORTIZ MARTINEZ', '73005833'),
(2774, 'MARIA DEL ROSARIO', 'OSORIO FORTICH', '45481057'),
(2775, 'MARCELA PATRICIA', 'GONZALEZ SOSA', '33227378'),
(2776, 'JOSE MARIA', 'RACERO DIZ', '7380834'),
(2777, 'SANDRA ', 'HERRERA LOMONACO', '45480900'),
(2778, 'VICTORIA ', 'COGOLLO KENIA', '50848618'),
(2779, 'ORLANDO MANUEL', 'DE LA ROSA MERCADO', '18876383'),
(2780, 'LIA ', 'BARRIOS GARCIA', '32620893'),
(2781, 'JORGE ', 'VALDELAMAR MEZA', '4038162'),
(2782, 'CESAR AUGUSTO', 'PADILLA SANTOS', '73184076'),
(2783, 'CARMEN LUCIA', 'NAVARRO VARGAS', '30658275'),
(2784, 'NANCY ', 'JULIO RAMIREZ', '45450947'),
(2785, 'JORGE ENRIQUE', 'NIEVES OVIEDO', '10525069'),
(2786, 'ALICIA BEATRIZ', 'CASTELLAR HERRERA', '45498587'),
(2787, 'PIEDAD INES', 'PEREZ CESPEDES', '33141719'),
(2788, 'RICHARD CLAVER', 'ORDOSGOITIA OSORIO', '9078245'),
(2789, 'GERMAN CRISTOBAL', 'VILLADIEGO ROMERO', '7886395'),
(2790, 'JUAN CARLOS', 'LORA JIMENEZ', '73581447'),
(2791, 'JULIO ', 'FACIOLINCE CAMARGO', '19368896'),
(2792, 'ROSARIO DE JESUS', 'MEZA BENITEZ', '33192940'),
(2793, 'HIRINA ', 'MEZA RHENALS', '45486151'),
(2794, 'MARTHA CECILIA', 'CARMONA LORDUY', '45458251'),
(2795, 'LUZ MARINA', 'GONZALEZ VERGARA', '45509822'),
(2796, 'GUSTAVO ADOLFO', 'CAMARGO GUTIERREZ', '72040682'),
(2797, 'GRACIELA ', 'VENECIA RODRIGUEZ', '45497901'),
(2798, 'BEATRIZ EUGENIA', 'VALENZUELA PEREZ', '45448333'),
(2799, 'DIEGO DE JESUS', 'SOTO ISAZA', '71585410'),
(2800, 'NELSON ', 'COTTIZ PEREIRA', '9070535'),
(2801, 'ORLANDO ', 'PARADA SUAREZ', '13838412'),
(2802, 'MARLON JOSE', 'CARDENAS CASTELLANOS', '73161932'),
(2803, 'JULIA TERESA', 'MEDINA ARNEDO', '23234764'),
(2804, 'ADLAY ', 'MARTINEZ RAMOS', '9284519'),
(2805, 'RODRIGO ', 'ORTEGA TORO', '1061692206'),
(2806, 'PIEDAD MARIA', 'VASQUEZ MORELOS', '45452542'),
(2807, 'MANUEL JOSE', 'MARTINEZ OROZCO', '73098077'),
(2808, 'KARINA CECILIA', 'PORRAS MENDOZA', '64575175'),
(2809, 'RAQUEL ', 'MIRANDA AVENDAÑO', '43064295'),
(2810, 'JOHNNY ', 'CUADRO MOLINA', '73165564'),
(2811, 'KETTY DEL ROSARIO', 'RAMOS MARTINEZ', '45504308'),
(2812, 'ALVARO ANTONIO', 'VENECIA LEDESMA', '73127549'),
(2813, 'LILIAM DEL CARMEN', 'CUARTAS LOPEZ', '50931807'),
(2814, 'ROSIRIS ', 'UTRIA PADILLA', '45499373'),
(2815, 'JOSE LUIS', 'CARDONA GARCIA', '73103336'),
(2816, 'CANDELARIA MARIA', 'COLON IRIARTE', '45440658'),
(2817, 'MUNA ', 'HAMDAN RODRIGUEZ', '1124004243'),
(2818, 'MIVER TADEO', 'ALVAREZ CONEO', '15681447'),
(2819, 'MAURICIO DE JESUS', 'TUIRÁN RUÍZ', '1047426612'),
(2820, 'JORGE DEL CRISTO', 'TIRADO HERNANDEZ', '9069267'),
(2821, 'ANA CRISTINA', 'GUZMAN DE PEREZ', '33134724'),
(2822, 'ROSAURA ', 'ARRIETA FLOREZ', '52431995'),
(2823, 'TOMAS ANGEL', 'SARMIENTO BAHOQUE', '19896105'),
(2824, 'LUIS RAFAEL', 'CARABALLO GRACIA', '9073521'),
(2825, 'JAIME ANTONIO', 'PEREZ MENDOZA', '73129605'),
(2826, 'JAIME LUIS', 'FORTICH GUTIERREZ', '73083654'),
(2827, 'JOSE ANGEL', 'COLINA MARQUEZ', '72190990'),
(2828, 'CARLOS JOSE', 'CACERES OCHOA', '3805476'),
(2829, 'LUCY ESTHER', 'GONZALEZ DE ALVAREZ', '33140688'),
(2830, 'CLARA I.', 'VERGARA HERNANDEZ', '64558811'),
(2831, 'ANGEL DARIO', 'GONZALEZ DELGADO', '74083838'),
(2832, 'ERICA DE LAS MERCEDES', 'MARTINEZ BUSTOS', '45487107'),
(2833, 'FERNANDO ', 'GARCIA MUÑOZ', '16609939'),
(2834, 'LIBARDO ENRIQUE', 'CANABAL MORENO', '9289713'),
(2835, 'CARLOS ARTURO', 'PERALTA CABALLERO', '10891817'),
(2836, 'ARNOLD ', 'ARAUJO ALTAMIRANDA', '9067601'),
(2837, 'SERGIO ALFONSO', 'GIRADO LLAMAS', '73112716'),
(2838, 'MOISES DAVID', 'NARVAEZ HERRERA', '1047377298'),
(2839, 'RAFAEL ISAAC', 'SOLORZANO TORRECILLA', '9141761'),
(2840, 'ANTONIO JOSE', 'COGOLLO AHUMEDO', '9057802'),
(2841, 'ALVARO ', 'GENEY MORALES', '6752435'),
(2842, 'WILSON DE JESUS', 'TONCEL GAVIRIA', '19145953'),
(2843, 'MARTHA LILIANA', 'MARIMON CARRILLO', '1047450473'),
(2844, 'JESUS ALBERTO', 'ACOSTA MORON', '77196291'),
(2845, 'CARMEN JULIA', 'ROVIRA ORTIZ', '45519810'),
(2846, 'PABLO EMILIO', 'HERRERA BAQUERO', '9065191'),
(2847, 'PEDRO AGUSTIN', 'DUARTE ACOSTA', '72245339'),
(2848, 'ROGER ', 'CARABALLO MARIMON', '73148724'),
(2849, 'ANTONIO J', 'MARZAN ESQUIVEL', '73073041'),
(2850, 'ORLANDO JUNIOR', 'BUSTILLO PAREJA', '73079486'),
(2851, 'HUMBERTO JOSE', 'PATERNINA ESPITIA', '78023672'),
(2852, 'LOYDA ESTER', 'FONSECA ORTIZ', '40794531'),
(2853, 'JOSE DEL CARMEN', 'JAIMES MORALES', '9287219'),
(2854, 'MARTIN EMILIO', 'MENDIVIL GAMERO', '4979617'),
(2855, 'MONICA ', 'ELJAIEK URZOLA', '45502933'),
(2856, 'ARNALDO ', 'ANAYA BENITEZ', '3868729'),
(2857, 'IVAN ', 'MARTINEZ GONZALEZ', '73081066'),
(2858, 'DANIEL GUILLERMO', 'MACIA HERNANDEZ', '9096984'),
(2859, 'ARTURO LEVI', 'RODRIGUEZ GUTIERREZ', '7445809'),
(2860, 'LUIS EDUARDO', 'CARMONA ARANGO', '73093077'),
(2861, 'RAFAELA ESTER', 'SAYAS CONTRERAS', '45484231'),
(2862, 'PAULO SEXTO', 'OYOLA QUINTERO', '73104283'),
(2863, 'RAMON ', 'JIMENEZ CORONADO', '3700080'),
(2864, 'ISABEL PATRICIA', 'GOMEZ PALENCIA', '64569795'),
(2865, 'LEONARDO ANTONIO', 'RAMIREZ MARTINEZ', '1047394014'),
(2866, 'HEYDER ', 'MEDRANO OLIER', '3809454'),
(2867, 'CHERLY ', 'INFANTE JIMENEZ', '45466019'),
(2868, 'JUAN ', 'MONTES FARAH', '9083115'),
(2869, 'JOSE CATALINO', 'ARIAS ELLES', '3793257'),
(2870, 'OSCAR ALBERTO', 'CORTES NUÑEZ', '73080755'),
(2871, 'ALFREDO ', 'GANEN PAREJA', '9068672'),
(2872, 'GUSTAVO ENRIQUE', 'ESPITIA ESPINOSA', '78024685'),
(2873, 'EDGARDO ', 'RIVERA MARTINEZ', '9284099'),
(2874, 'HELI ', 'HERNANDEZ AYAZO', '9087558'),
(2875, 'ROSMERIS DEL CARMEN', 'BELTRAN NAVARRO', '30774278'),
(2876, 'BEATRIZ ELENA', 'PALACIO DEL TORO', '45488413'),
(2877, 'JUAN CARLOS', 'POLO LOZANO', '72180982'),
(2878, 'EDINSON EDUARDO', 'OJEDA VILLADIEGO', '9087493'),
(2879, 'MARELIS ', 'CASTILLO DE LA TORRE', '32792293'),
(2880, 'LUIS ALBERTO', 'GARCIA ZAPATEIRO', '9149599'),
(2881, 'EYVIS LUCIA', 'MARRUGO BATISTA', '33333084'),
(2882, 'ANGEL ', 'VILLABONA ORTIZ', '91258316'),
(2883, 'MANUEL ', 'SARMIENTO MUÑOZ', '73561165'),
(2884, 'FEDERICO ', 'VEGA BULA', '73090745'),
(2885, 'KARINA ANGELICA', 'OJEDA DELGADO', '63531900'),
(2886, 'MURIEL DEL ROSARIO', 'VANEGAS BELTRAN', '33103249'),
(2887, 'MILCIADES ', 'ZUÑIGA LORDUY', '9056754'),
(2888, 'MARIA DEL PILAR', 'DIZ DIZ', '51806543'),
(2889, 'ESTEBAN JOSE', 'PUELLO MENDOZA', '73110028'),
(2890, 'JOHN JAIRO', 'PUELLO COVAS', '9099036'),
(2891, 'MARGARITA MARIA', 'OCHOA DIAZ', '22806640'),
(2892, 'HERNANDO R.', 'RAMOS OLIER', '891714'),
(2893, 'GABRIEL ENRIQUE', 'JARAMILLO HERRERA', '9054766'),
(2894, 'JOHN FIDEL', 'LEOTTAU OLIVO', '73149742'),
(2895, 'LUZMAN ENRIQUE', 'CABEZA JUNCO', '9052871'),
(2896, 'ANGEL ', 'MUESES MIGUEL', '14465764'),
(2897, 'TATIANA PAOLA', 'LONDOÑO OCHOA', '1143335203'),
(2898, 'KATIA PATRICIA', 'ROMAN ZAPATA', '45483114'),
(2899, 'BELIA LUISA', 'PEREZ HERRERA', '45467551'),
(2900, 'ALFONSO LUIS', 'MARTINEZ VISBAL', '73080662'),
(2901, 'RONALD MIGUEL', 'MARSIGLIA FUENTES', '1050949326'),
(2902, 'JUAN CARLOS', 'VERGARA SCHMALBACH', '7919727'),
(2903, 'NARLINDA ', 'ESPINOSA CANTILLO', '45521638'),
(2904, 'AUGUSTO ENRIQUE', 'MAZA VILLADIEGO', '73107200'),
(2905, 'RITA MAGOLA', 'SIERRA MERLANO', '45424168'),
(2906, 'ALVARO ', 'CARCAMO CAMARGO', '9090751'),
(2907, 'BENJAMIN ', 'RODRIGUEZ YANCES', '9073030'),
(2908, 'EDWIN ', 'PUELLO DEL RIO', '73081293'),
(2909, 'RUBEN DARIO', 'MAZA GALOFRE', '9098885'),
(2910, 'RAUL ', 'TAYLOR ABELLO', '73076888'),
(2911, 'IRMA YOLANDA', 'CASTILLO AVILA', '45526767'),
(2912, 'EDWIN JOSE', 'CARDENAS CASTELLANOS', '73133000'),
(2913, 'SANDRA LORENA', 'HIDALGO ARANGO', '52249902'),
(2914, 'ELADIO ', 'RODRIGUEZ PUENTE', '17026994'),
(2915, 'WALTER FRANCISCO', 'AGUAS GAMARRA', '19873182'),
(2916, 'ANGELICA MATILDE', 'NAVARRO MONTERROZA', '64703931'),
(2917, 'HERNANDO ANTONIO', 'GOMEZ BEGAMBRE', '7920492'),
(2918, 'MITCHEL ALEXANDER', 'GIRON PALACIO', '87573758'),
(2919, 'WALDYR ', 'FONG SILVA', '14250091'),
(2920, 'RAUL ', 'ALCENDRA PIÑEREZ', '9136831'),
(2921, 'DAVID ANTONIO', 'FRANCO BORRE', '73162601'),
(2922, 'ALFONSO ', 'HERNANDEZ TOUS', '92495164'),
(2923, 'JAVIER ENRIQUE', 'MENDEZ SILVA', '9286094'),
(2924, 'ALEJANDRO ', 'VILLARREAL GOMEZ', '73111666'),
(2925, 'OSWALDO EUGENIO', 'BERMUDEZ FORTICH', '9054248'),
(2926, 'MARICELA DEL CARMEN', 'VIOLA RHENALS', '45762726'),
(2927, 'INDIRA ', 'SIMANCA PEREZ', '1143368516'),
(2928, 'GUSTAVO ', 'VELASCO ZUNIGA', '73079810'),
(2929, 'JOSE LUIS', 'LASCARRO MEDINA', '1052983010'),
(2930, 'RINA DEL CARMEN', 'DE LEON HERRERA', '34965569'),
(2931, 'ARACELYS ', 'RODRIGUEZ PALMERA', '45780054'),
(2932, 'HAROLD ', 'VALENCIA LOPEZ', '16674283'),
(2933, 'CARLOS MANUEL', 'PEREIRA BETANCOURT', '73133878'),
(2934, 'GERMAN ', 'NOVOA POMBO', '73110003'),
(2935, 'MIGUEL MARIA', 'MATURANA MELENDEZ', '73087308'),
(2936, 'JORGE ANTONIO', 'HERRERA LLAMAS', '19895145'),
(2937, 'JUAN CARLOS', 'FRIAS MORALES', '73132518'),
(2938, 'HOLMAN ALFONSO', 'GUTIERREZ POVEDA', '5554431'),
(2939, 'ADALGIZA ', 'MARQUEZ POLO', '33156597'),
(2940, 'WALBERTO ', 'RIVERA MARTINEZ', '73096083'),
(2941, 'REMBERTO ', 'AVILA CASTILLA', '73107071'),
(2942, 'JOSE MIGUEL', 'ESCAMILLA ARRIETA', '9093110'),
(2943, 'CLEMENTE ', 'GRANADOS CONDE', '13349049'),
(2944, 'FERNANDO AUGUSTO', 'ALFARO ARIAS', '9174319'),
(2945, 'ROBERTO ANTONIO', 'GAMBOA RENTERIA', '9062063'),
(2946, 'KARICK ', 'JOTTY ARROYO', '72007573'),
(2947, 'EDGARDO ', 'MORENO IRIARTE', '4025137'),
(2948, 'MARTA MARGARITA', 'PUERTA POSSO', '45537039'),
(2949, 'ELIAS ', 'MATUK ESTAMBULIE', '130030'),
(2950, 'NIEVES MAGDALENA', 'JIMENEZ MALAGON', '45474456'),
(2951, 'BEATRIZ ', 'MARTINEZ ALFARO', '39091140'),
(2952, 'ANGEL ', 'CASTRO DAJER', '72260892'),
(2953, 'EDUARDO ', 'SALADEN VEGA', '9066403'),
(2954, 'ANTONIO JOSE', 'DIAZ CABALLERO', '73105766'),
(2955, 'NAYIB ', 'AYALA ALMEIDA', '19896094'),
(2956, 'LINO OSCAR', 'GARCIA GALEANO', '78017107'),
(2957, 'JOHN JAIRO', 'BOTERO CAMPUZANO', '73242482'),
(2958, 'FABIO ANTONIO', 'DUITAMA VERGARA', '73079126'),
(2959, 'GERARDO ', 'PADILLA DE LOS RIOS', '73138473'),
(2960, 'SERGIO ALFONSO', 'COHEN MERLANO', '7918533'),
(2961, 'KARLA EVANGELINA', 'JIMENEZ MORALES', '1128048502'),
(2962, 'DAVID ', 'ANGULO GARCIA', '1053790867'),
(2963, 'NEILA DE JESUS', 'DEVOZ PUELLO', '30774780'),
(2964, 'ALEXANDER ', 'VANEGAS DAZA', '73238459'),
(2965, 'AURELIO TERCERO', 'BERRIO QUIÑONEZ', '9145681'),
(2966, 'ALES JACOBO', 'GONZALEZ GRAU', '73120094'),
(2967, 'MARIA ALEJANDRA', 'JIMENEZ MONTAÑO', '1143370310'),
(2968, 'MARTHA MARIA', 'CUENCA QUICAZAN', '52429343'),
(2969, 'JUAN CARLOS', 'BURGOS BELTRAN', '73212115'),
(2970, 'LUIS EDUARDO', 'BLANCO TORRES', '73157237'),
(2971, 'MARIA PATRICIA', 'FUERTE PAVA', '32906792'),
(2972, 'ANA CRISTINA', 'SASTOQUE ORELLANO', '22692673'),
(2973, 'MARIA DEL PILAR', 'MORAD DE MARTINEZ', '41666981'),
(2974, 'MARIA ELISA', 'RODRIGUEZ LUNA', '45523770'),
(2975, 'ALFONSO JAVIER', 'CADENA BARRIOS', '7918692'),
(2976, 'MIGUEL ', 'GARCIA BOLAÑOS', '77101577'),
(2977, 'JUAN CARLOS', 'URANGO OSPINA', '73135751'),
(2978, 'ESTHER ', 'POLO PAYARES', '45490481'),
(2979, 'HARRINSON ', 'HERNANDEZ HERRERA', '73169504'),
(2980, 'JOHN CARLOS', 'ARRIETA ARRIETA', '92031576'),
(2981, 'NANCY ROCIO', 'CORREA MOSQUERA', '45539218'),
(2982, 'LASCARIO ', 'JIMENEZ LAMBIS', '73573482'),
(2983, 'MARIO ALONSO', 'LORDUY ZARCO', '1047380593'),
(2984, 'HERNANDO DIOSENEL', 'POVEDA OLIVEROS', '73158344'),
(2985, 'RODRIGO RAFAEL', 'RICARDO PAREDES', '73579590'),
(2986, 'ALVARO ', 'FUENTES GAVIRIA', '73009726'),
(2987, 'ADOLFO JOSE', 'PATERNINA HERNANDEZ', '92188954'),
(2988, 'JUNTZO ALBERTO', 'FALS MARTINEZ', '73143801'),
(2989, 'BIOVALDO ', 'MARIN OVIEDO', '1052730895'),
(2990, 'CLAUDIA PATRICIA', 'BARON TORRES', '45592141'),
(2991, 'PROSPERO ENRIQUE', 'FREILE NIEVE', '77005331'),
(2992, 'JOAQUIN ALEJANDRO', 'HERNANDEZ FERNANDEZ', '92530588'),
(2993, 'CRISTIAN ENRIQUE', 'MARTINEZ PEREZ', '1128050278'),
(2994, 'DORIS ', 'CACERES SANCHEZ', '45446488'),
(2995, 'TOMAS ALBERTO', 'VILLALOBOS VILLALOBOS', '1047384638'),
(2996, 'MARIA JOSEFINA', 'MEDINA PEÑARANDA', '45533182'),
(2997, 'CARLOS HUMBERTO', 'ANDRADE REDONDO', '72128699'),
(2998, 'DARIO RAFAEL', 'BARRIOS HERRERA', '1051815447');

-- --------------------------------------------------------

--
-- Estructura de tabla para la tabla `sorteo`
--

CREATE TABLE IF NOT EXISTS `sorteo` (
  `idSorteo` int(11) NOT NULL AUTO_INCREMENT,
  `Fecha` varchar(50) NOT NULL,
  `idNumeroAsociado` int(11) NOT NULL,
  `Premio` double NOT NULL,
  `TipoSorteo` int(11) NOT NULL,
  PRIMARY KEY (`idSorteo`),
  UNIQUE KEY `idSorteo_UNIQUE` (`idSorteo`),
  KEY `fk_Sorteo_NumeroAsociado1_idx` (`idNumeroAsociado`)
) ENGINE=InnoDB  DEFAULT CHARSET=utf8 AUTO_INCREMENT=28 ;

--
-- Volcado de datos para la tabla `sorteo`
--

INSERT INTO `sorteo` (`idSorteo`, `Fecha`, `idNumeroAsociado`, `Premio`, `TipoSorteo`) VALUES
(19, '07/07/2018 15:59:33', 4433, 1500000, 0),
(20, '07/07/2018 16:00:15', 4771, 1500000, 0),
(21, '07/07/2018 16:01:06', 4337, 1500000, 0),
(22, '07/07/2018 16:01:53', 4565, 1500000, 0),
(23, '07/07/2018 16:02:40', 4418, 1500000, 0),
(24, '07/07/2018 16:03:22', 4667, 1500000, 0),
(25, '07/07/2018 16:03:57', 4769, 1500000, 0),
(26, '07/07/2018 16:04:34', 4343, 1500000, 0),
(27, '07/07/2018 16:05:15', 4499, 1500000, 0);

--
-- Restricciones para tablas volcadas
--

--
-- Filtros para la tabla `administrador`
--
ALTER TABLE `administrador`
  ADD CONSTRAINT `fk_Administrador_Persona` FOREIGN KEY (`idPersona`) REFERENCES `persona` (`idPersona`) ON DELETE NO ACTION ON UPDATE NO ACTION;

--
-- Filtros para la tabla `asociado`
--
ALTER TABLE `asociado`
  ADD CONSTRAINT `fk_Asociado_Persona1` FOREIGN KEY (`idPersona`) REFERENCES `persona` (`idPersona`) ON DELETE NO ACTION ON UPDATE NO ACTION;

--
-- Filtros para la tabla `inhabilitacion`
--
ALTER TABLE `inhabilitacion`
  ADD CONSTRAINT `fk_Inhabilitacion_Asociado1` FOREIGN KEY (`idAsociado`) REFERENCES `asociado` (`idAsociado`) ON DELETE NO ACTION ON UPDATE NO ACTION;

--
-- Filtros para la tabla `movimiento`
--
ALTER TABLE `movimiento`
  ADD CONSTRAINT `fk_Movimiento_Administrador1` FOREIGN KEY (`idAdministrador`) REFERENCES `administrador` (`idAdministrador`) ON DELETE NO ACTION ON UPDATE NO ACTION;

--
-- Filtros para la tabla `numeroasociado`
--
ALTER TABLE `numeroasociado`
  ADD CONSTRAINT `fk_NumeroAsociado_Asociado1` FOREIGN KEY (`idAsociado`) REFERENCES `asociado` (`idAsociado`) ON DELETE NO ACTION ON UPDATE NO ACTION,
  ADD CONSTRAINT `fk_NumeroAsociado_Numero1` FOREIGN KEY (`idNumero`) REFERENCES `numero` (`idNumero`) ON DELETE NO ACTION ON UPDATE NO ACTION;

--
-- Filtros para la tabla `sorteo`
--
ALTER TABLE `sorteo`
  ADD CONSTRAINT `fk_Sorteo_NumeroAsociado1` FOREIGN KEY (`idNumeroAsociado`) REFERENCES `numeroasociado` (`idNumeroAsociado`) ON DELETE NO ACTION ON UPDATE NO ACTION;

/*!40101 SET CHARACTER_SET_CLIENT=@OLD_CHARACTER_SET_CLIENT */;
/*!40101 SET CHARACTER_SET_RESULTS=@OLD_CHARACTER_SET_RESULTS */;
/*!40101 SET COLLATION_CONNECTION=@OLD_COLLATION_CONNECTION */;
